{"type":"start","requestId":"cec6cab4-7105-47c2-90d1-c017b5190715","ts":1788083584726,"method":"GET","path":"/","backend":"http://localhost:9001"}
{"type":"finish","requestId":"cec6cab4-7105-47c2-90d1-c017b5190715","ts":1788083584728,"status":200}
{"type":"start","requestId":"5c4c28df-3b0d-4e5e-8e55-a66cfa2384e3","ts":1788083596540,"method":"GET","path":"/api","backend":"http://localhost:9002"}
{"type":"finish","requestId":"5c4c28df-3b0d-4e5e-8e55-a66cfa2384e3","ts":1788083596541,"status":200}
{"type":"start","requestId":"869e15f0-a948-47d4-916a-9f740d16d144","ts":1788083604799,"method":"GET","path":"/no-such-path","backend":"http://localhost:9001"}
{"type":"finish","requestId":"869e15f0-a948-47d4-916a-9f740d16d144","ts":1788083604800,"status":200}
{"type":"start","requestId":"d217bd35-0b11-434c-a7c9-972cb90bc517","ts":1788173166462,"method":"GET","path":"/","backend":"http://localhost:9001"}
{"type":"finish","requestId":"d217bd35-0b11-434c-a7c9-972cb90bc517","ts":1788173166468,"status":200}
{"type":"start","requestId":"a853928f-1973-42dd-8c50-98efc513c7c5","ts":1788173166502,"method":"GET","path":"/api","backend":"http://localhost:9002"}
{"type":"finish","requestId":"a853928f-1973-42dd-8c50-98efc513c7c5","ts":1788173166507,"status":200}
{"type":"start","requestId":"779bebf2-50f7-4238-8065-bd7a932b6998","ts":1788173240019,"method":"GET","path":"/","backend":"http://localhost:9001"}
{"type":"finish","requestId":"779bebf2-50f7-4238-8065-bd7a932b6998","ts":1788173240022,"status":200}
{"type":"start","requestId":"d75b112f-c760-4fb7-a86b-42eab6215f31","ts":1788173243004,"method":"GET","path":"/api","backend":"http://localhost:9002"}
{"type":"finish","requestId":"d75b112f-c760-4fb7-a86b-42eab6215f31","ts":1788173243007,"status":200}
{"type":"start","requestId":"876bd4ee-37e7-4050-a137-a62312b84fb4","ts":1788173277575,"method":"GET","path":"/favicon.ico","backend":"http://localhost:9001"}
{"type":"finish","requestId":"876bd4ee-37e7-4050-a137-a62312b84fb4","ts":1788173277580,"status":200}
{"type":"start","requestId":"08f52ff5-747a-4d3f-a21d-1a61d0ecfeac","ts":1788173363112,"method":"GET","path":"/nexus/dashboard/api","backend":"http://localhost:9002"}
{"type":"finish","requestId":"08f52ff5-747a-4d3f-a21d-1a61d0ecfeac","ts":1788173363114,"status":200}
{"type":"start","requestId":"8b9ae45e-89b6-49e6-8c3a-40af8ab43061","ts":1788173363214,"method":"GET","path":"/favicon.ico","backend":"http://localhost:9001"}
{"type":"finish","requestId":"8b9ae45e-89b6-49e6-8c3a-40af8ab43061","ts":1788173363217,"status":200}
{"type":"start","requestId":"ab77b1fb-2353-42e9-88a0-9bf920b3bf1a","ts":1788173375860,"method":"GET","path":"/nexus/dashboard/","backend":"http://localhost:9002"}
{"type":"finish","requestId":"ab77b1fb-2353-42e9-88a0-9bf920b3bf1a","ts":1788173375861,"status":200}
{"type":"start","requestId":"206d771e-9718-42bf-a537-ee852d87dd08","ts":1788173375909,"method":"GET","path":"/favicon.ico","backend":"http://localhost:9001"}
{"type":"finish","requestId":"206d771e-9718-42bf-a537-ee852d87dd08","ts":1788173375912,"status":200}
{"type":"start","requestId":"eda3e1a9-7440-4dd4-8a63-d5ed7119cec1","ts":1788202307187,"method":"GET","path":"/favicon.ico","backend":"http://localhost:9001"}
{"type":"finish","requestId":"eda3e1a9-7440-4dd4-8a63-d5ed7119cec1","ts":1788202307189,"status":200}
{"type":"start","requestId":"18f6b35a-d967-4573-858a-5490bcefc244","ts":1788202459873,"method":"GET","path":"/","backend":"http://localhost:9002"}
{"type":"finish","requestId":"18f6b35a-d967-4573-858a-5490bcefc244","ts":1788202459874,"status":200}
{"type":"start","requestId":"1f1fdee6-6a75-441a-8e73-1fdb9b0b0613","ts":1788202734349,"method":"GET","path":"/","backend":"http://localhost:9001"}
{"type":"finish","requestId":"1f1fdee6-6a75-441a-8e73-1fdb9b0b0613","ts":1788202734350,"status":200}
{"type":"start","requestId":"1808da91-5ca1-4234-adce-226e91ad3951","ts":1788202750358,"method":"GET","path":"/","backend":"http://localhost:9002"}
{"type":"finish","requestId":"1808da91-5ca1-4234-adce-226e91ad3951","ts":1788202750359,"status":200}
{"type":"start","requestId":"96b4d7a0-9fc3-45d3-b66b-220928487014","ts":1788202754038,"method":"GET","path":"/","backend":"http://localhost:9001"}
{"type":"finish","requestId":"96b4d7a0-9fc3-45d3-b66b-220928487014","ts":1788202754039,"status":200}
{"type":"start","requestId":"dde3d729-87fb-4ff7-b0f5-1882c2524cbc","ts":1788202757566,"method":"GET","path":"/","backend":"http://localhost:9002"}
{"type":"finish","requestId":"dde3d729-87fb-4ff7-b0f5-1882c2524cbc","ts":1788202757567,"status":200}
{"type":"start","requestId":"364301d4-23bf-4325-8dbe-f08c8ce5fec2","ts":1788202910954,"method":"GET","path":"/","backend":"http://localhost:9001"}
{"type":"finish","requestId":"364301d4-23bf-4325-8dbe-f08c8ce5fec2","ts":1788202910956,"status":200}
{"type":"start","requestId":"938bb127-57ef-4a5d-aef1-f6fde37e96f5","ts":1788202910964,"method":"GET","path":"/","backend":"http://localhost:9002"}
{"type":"finish","requestId":"938bb127-57ef-4a5d-aef1-f6fde37e96f5","ts":1788202910965,"status":200}
{"type":"start","requestId":"b9dd985a-942c-44ec-89bb-3822b6880bd4","ts":1788202910972,"method":"GET","path":"/","backend":"http://localhost:9001"}
{"type":"finish","requestId":"b9dd985a-942c-44ec-89bb-3822b6880bd4","ts":1788202910973,"status":200}
{"type":"start","requestId":"8f47c618-0b98-43a8-87b4-beaa8af333e2","ts":1788202910980,"method":"GET","path":"/","backend":"http://localhost:9002"}
{"type":"finish","requestId":"8f47c618-0b98-43a8-87b4-beaa8af333e2","ts":1788202910980,"status":200}
{"type":"start","requestId":"5bbb1601-4bdb-419d-9c49-6ff3c5f8d9db","ts":1788202910988,"method":"GET","path":"/","backend":"http://localhost:9001"}
{"type":"finish","requestId":"5bbb1601-4bdb-419d-9c49-6ff3c5f8d9db","ts":1788202910988,"status":200}
{"type":"start","requestId":"cf5690d5-762e-4e23-a75a-1224fc9953e0","ts":1788202910993,"method":"GET","path":"/","backend":"http://localhost:9002"}
{"type":"finish","requestId":"cf5690d5-762e-4e23-a75a-1224fc9953e0","ts":1788202910994,"status":200}
{"type":"start","requestId":"39ad807c-bc3c-428c-9d1d-1cf68d4f6c8e","ts":1788202911000,"method":"GET","path":"/","backend":"http://localhost:9001"}
{"type":"finish","requestId":"39ad807c-bc3c-428c-9d1d-1cf68d4f6c8e","ts":1788202911001,"status":200}
{"type":"start","requestId":"2b2891c3-1827-448a-8dd2-e2d6be1152ed","ts":1788202911007,"method":"GET","path":"/","backend":"http://localhost:9002"}
{"type":"finish","requestId":"2b2891c3-1827-448a-8dd2-e2d6be1152ed","ts":1788202911008,"status":200}
{"type":"start","requestId":"19249b6b-a9fb-43e3-8e6c-f8aed577204d","ts":1788202911015,"method":"GET","path":"/","backend":"http://localhost:9001"}
{"type":"finish","requestId":"19249b6b-a9fb-43e3-8e6c-f8aed577204d","ts":1788202911015,"status":200}
{"type":"start","requestId":"86bae385-c79b-4ca7-b2a8-855cc5d29af0","ts":1788202911023,"method":"GET","path":"/","backend":"http://localhost:9002"}
{"type":"finish","requestId":"86bae385-c79b-4ca7-b2a8-855cc5d29af0","ts":1788202911023,"status":200}
{"type":"start","requestId":"acb2d198-c939-44e0-b79c-0f4d7906e9ca","ts":1788202911031,"method":"GET","path":"/","backend":"http://localhost:9001"}
{"type":"finish","requestId":"acb2d198-c939-44e0-b79c-0f4d7906e9ca","ts":1788202911031,"status":200}
{"type":"start","requestId":"c7712504-4d44-4f97-8cae-2e59e938687d","ts":1788202911037,"method":"GET","path":"/","backend":"http://localhost:9002"}
{"type":"finish","requestId":"c7712504-4d44-4f97-8cae-2e59e938687d","ts":1788202911037,"status":200}
{"type":"start","requestId":"2dab97dc-bd8f-435d-9ac1-e2e15995dadb","ts":1788202911043,"method":"GET","path":"/","backend":"http://localhost:9001"}
{"type":"finish","requestId":"2dab97dc-bd8f-435d-9ac1-e2e15995dadb","ts":1788202911044,"status":200}
{"type":"start","requestId":"1808a982-5ab2-4b89-bd28-aa3f3a3aa91e","ts":1788202911050,"method":"GET","path":"/","backend":"http://localhost:9002"}
{"type":"finish","requestId":"1808a982-5ab2-4b89-bd28-aa3f3a3aa91e","ts":1788202911051,"status":200}
{"type":"start","requestId":"6f842546-0984-49a0-b90c-8092dcd7f1ba","ts":1788202911058,"method":"GET","path":"/","backend":"http://localhost:9001"}
{"type":"finish","requestId":"6f842546-0984-49a0-b90c-8092dcd7f1ba","ts":1788202911058,"status":200}
{"type":"start","requestId":"0d5add91-aadc-4de7-adc3-ce48c005df61","ts":1788202911064,"method":"GET","path":"/","backend":"http://localhost:9002"}
{"type":"finish","requestId":"0d5add91-aadc-4de7-adc3-ce48c005df61","ts":1788202911064,"status":200}
{"type":"start","requestId":"b49ca06d-3e86-4f0c-879b-69713accb507","ts":1788202911071,"method":"GET","path":"/","backend":"http://localhost:9001"}
{"type":"finish","requestId":"b49ca06d-3e86-4f0c-879b-69713accb507","ts":1788202911071,"status":200}
{"type":"start","requestId":"92bdbeab-44d6-44c6-a0ce-1afb595a88ac","ts":1788202911078,"method":"GET","path":"/","backend":"http://localhost:9002"}
{"type":"finish","requestId":"92bdbeab-44d6-44c6-a0ce-1afb595a88ac","ts":1788202911079,"status":200}
{"type":"start","requestId":"402019fc-9e7d-42cf-86fb-bc5effe11a6f","ts":1788202911086,"method":"GET","path":"/","backend":"http://localhost:9001"}
{"type":"finish","requestId":"402019fc-9e7d-42cf-86fb-bc5effe11a6f","ts":1788202911086,"status":200}
{"type":"start","requestId":"2aa627df-d3b1-4d0c-90eb-b7e858d17bf7","ts":1788202911093,"method":"GET","path":"/","backend":"http://localhost:9002"}
{"type":"finish","requestId":"2aa627df-d3b1-4d0c-90eb-b7e858d17bf7","ts":1788202911093,"status":200}
{"type":"start","requestId":"d9796716-9c43-443b-863f-4f67bd08357f","ts":1788202911099,"method":"GET","path":"/","backend":"http://localhost:9001"}
{"type":"finish","requestId":"d9796716-9c43-443b-863f-4f67bd08357f","ts":1788202911100,"status":200}
{"type":"start","requestId":"3c6a84b6-f209-414b-8228-30638d71dfae","ts":1788202911107,"method":"GET","path":"/","backend":"http://localhost:9002"}
{"type":"finish","requestId":"3c6a84b6-f209-414b-8228-30638d71dfae","ts":1788202911107,"status":200}
{"type":"start","requestId":"6fdb1604-d80a-4e0e-8ef7-15e1ba50c250","ts":1788202911113,"method":"GET","path":"/","backend":"http://localhost:9001"}
{"type":"finish","requestId":"6fdb1604-d80a-4e0e-8ef7-15e1ba50c250","ts":1788202911114,"status":200}
{"type":"start","requestId":"d4d3ee8c-6ba3-4138-8aaf-36630ccfb3b6","ts":1788202911120,"method":"GET","path":"/","backend":"http://localhost:9002"}
{"type":"finish","requestId":"d4d3ee8c-6ba3-4138-8aaf-36630ccfb3b6","ts":1788202911121,"status":200}
{"type":"start","requestId":"f34b848c-6175-486c-9c78-14e65042827b","ts":1788202911127,"method":"GET","path":"/","backend":"http://localhost:9001"}
{"type":"finish","requestId":"f34b848c-6175-486c-9c78-14e65042827b","ts":1788202911127,"status":200}
{"type":"start","requestId":"b635cdb4-ca52-46c7-af61-acd158536d9c","ts":1788202911134,"method":"GET","path":"/","backend":"http://localhost:9002"}
{"type":"finish","requestId":"b635cdb4-ca52-46c7-af61-acd158536d9c","ts":1788202911134,"status":200}
{"type":"start","requestId":"301fc675-89e5-4138-a3e4-a5f8cc79ee8f","ts":1788202911141,"method":"GET","path":"/","backend":"http://localhost:9001"}
{"type":"finish","requestId":"301fc675-89e5-4138-a3e4-a5f8cc79ee8f","ts":1788202911142,"status":200}
{"type":"start","requestId":"a7e35db2-5946-4b81-bbd1-50fb5437e847","ts":1788202911148,"method":"GET","path":"/","backend":"http://localhost:9002"}
{"type":"finish","requestId":"a7e35db2-5946-4b81-bbd1-50fb5437e847","ts":1788202911149,"status":200}
{"type":"start","requestId":"20d5cbc1-f959-46e6-85b9-81d1c031da30","ts":1788202911156,"method":"GET","path":"/","backend":"http://localhost:9001"}
{"type":"finish","requestId":"20d5cbc1-f959-46e6-85b9-81d1c031da30","ts":1788202911156,"status":200}
{"type":"start","requestId":"f3d725e7-b53c-4fa5-8a06-bd92390808c8","ts":1788202911163,"method":"GET","path":"/","backend":"http://localhost:9002"}
{"type":"finish","requestId":"f3d725e7-b53c-4fa5-8a06-bd92390808c8","ts":1788202911163,"status":200}
{"type":"start","requestId":"bdbfdc81-e6d5-40a2-9a3a-99e12950b88d","ts":1788202911169,"method":"GET","path":"/","backend":"http://localhost:9001"}
{"type":"finish","requestId":"bdbfdc81-e6d5-40a2-9a3a-99e12950b88d","ts":1788202911169,"status":200}
{"type":"start","requestId":"e78bd124-1f16-40c1-8e43-4c6da7d2b996","ts":1788202911175,"method":"GET","path":"/","backend":"http://localhost:9002"}
{"type":"finish","requestId":"e78bd124-1f16-40c1-8e43-4c6da7d2b996","ts":1788202911175,"status":200}
{"type":"start","requestId":"52d345e0-412f-47f0-a836-deddc444ebc8","ts":1788202911182,"method":"GET","path":"/","backend":"http://localhost:9001"}
{"type":"finish","requestId":"52d345e0-412f-47f0-a836-deddc444ebc8","ts":1788202911183,"status":200}
{"type":"start","requestId":"9217f721-63f7-4c2f-9576-28d3878eb48e","ts":1788202911189,"method":"GET","path":"/","backend":"http://localhost:9002"}
{"type":"finish","requestId":"9217f721-63f7-4c2f-9576-28d3878eb48e","ts":1788202911190,"status":200}
{"type":"start","requestId":"60dadfb9-f30e-4f8d-8ecf-73d9153ea19f","ts":1788202911196,"method":"GET","path":"/","backend":"http://localhost:9001"}
{"type":"finish","requestId":"60dadfb9-f30e-4f8d-8ecf-73d9153ea19f","ts":1788202911197,"status":200}
{"type":"start","requestId":"4ed1ac0a-84d3-4d17-9968-03f42a79666c","ts":1788202911204,"method":"GET","path":"/","backend":"http://localhost:9002"}
{"type":"finish","requestId":"4ed1ac0a-84d3-4d17-9968-03f42a79666c","ts":1788202911205,"status":200}
{"type":"start","requestId":"3a6944cd-9be9-4908-80f9-3a86cb2226ac","ts":1788202911211,"method":"GET","path":"/","backend":"http://localhost:9001"}
{"type":"finish","requestId":"3a6944cd-9be9-4908-80f9-3a86cb2226ac","ts":1788202911212,"status":200}
{"type":"start","requestId":"0cdeaf13-aa86-4fdd-a062-693e2d69effc","ts":1788202911217,"method":"GET","path":"/","backend":"http://localhost:9002"}
{"type":"finish","requestId":"0cdeaf13-aa86-4fdd-a062-693e2d69effc","ts":1788202911218,"status":200}
{"type":"start","requestId":"5ed56926-001f-4555-ab46-efa4a312e607","ts":1788202911226,"method":"GET","path":"/","backend":"http://localhost:9001"}
{"type":"finish","requestId":"5ed56926-001f-4555-ab46-efa4a312e607","ts":1788202911226,"status":200}
{"type":"start","requestId":"5208852d-0992-43e1-8683-325f923df01e","ts":1788202911233,"method":"GET","path":"/","backend":"http://localhost:9002"}
{"type":"finish","requestId":"5208852d-0992-43e1-8683-325f923df01e","ts":1788202911233,"status":200}
{"type":"start","requestId":"c4cec23f-becb-4f3c-b7a3-0fa3cdf819e8","ts":1788202911240,"method":"GET","path":"/","backend":"http://localhost:9001"}
{"type":"finish","requestId":"c4cec23f-becb-4f3c-b7a3-0fa3cdf819e8","ts":1788202911241,"status":200}
{"type":"start","requestId":"9841396e-0d9f-4511-b0e1-244aea18c92e","ts":1788202911246,"method":"GET","path":"/","backend":"http://localhost:9002"}
{"type":"finish","requestId":"9841396e-0d9f-4511-b0e1-244aea18c92e","ts":1788202911247,"status":200}
{"type":"start","requestId":"11c21d10-5b33-4ab5-a2a9-3661d8d4ec61","ts":1788202911252,"method":"GET","path":"/","backend":"http://localhost:9001"}
{"type":"finish","requestId":"11c21d10-5b33-4ab5-a2a9-3661d8d4ec61","ts":1788202911253,"status":200}
{"type":"start","requestId":"69eca832-f66b-45ea-be35-f92ca8e55c69","ts":1788202911260,"method":"GET","path":"/","backend":"http://localhost:9002"}
{"type":"finish","requestId":"69eca832-f66b-45ea-be35-f92ca8e55c69","ts":1788202911261,"status":200}
{"type":"start","requestId":"77584a49-153a-4051-9210-8d1d3b4627cc","ts":1788202911266,"method":"GET","path":"/","backend":"http://localhost:9001"}
{"type":"finish","requestId":"77584a49-153a-4051-9210-8d1d3b4627cc","ts":1788202911267,"status":200}
{"type":"start","requestId":"a40675cb-7f3d-43f6-824f-9c90746529b8","ts":1788202911273,"method":"GET","path":"/","backend":"http://localhost:9002"}
{"type":"finish","requestId":"a40675cb-7f3d-43f6-824f-9c90746529b8","ts":1788202911274,"status":200}
{"type":"start","requestId":"2b5f8219-5ef0-4558-bc21-d7a5397a0e74","ts":1788202911279,"method":"GET","path":"/","backend":"http://localhost:9001"}
{"type":"finish","requestId":"2b5f8219-5ef0-4558-bc21-d7a5397a0e74","ts":1788202911280,"status":200}
{"type":"start","requestId":"1a0444fd-24b0-458c-8301-43d443a89d19","ts":1788202911286,"method":"GET","path":"/","backend":"http://localhost:9002"}
{"type":"finish","requestId":"1a0444fd-24b0-458c-8301-43d443a89d19","ts":1788202911286,"status":200}
{"type":"start","requestId":"d36e67f3-2a50-46df-aa8b-d67c7f8318b2","ts":1788202911292,"method":"GET","path":"/","backend":"http://localhost:9001"}
{"type":"finish","requestId":"d36e67f3-2a50-46df-aa8b-d67c7f8318b2","ts":1788202911293,"status":200}
{"type":"start","requestId":"b0d22b92-d5d1-412d-9d26-822ea9b4f142","ts":1788202911300,"method":"GET","path":"/","backend":"http://localhost:9002"}
{"type":"finish","requestId":"b0d22b92-d5d1-412d-9d26-822ea9b4f142","ts":1788202911300,"status":200}
{"type":"start","requestId":"2c3c8635-5df1-4c64-9985-3a93881dea16","ts":1788202911306,"method":"GET","path":"/","backend":"http://localhost:9001"}
{"type":"finish","requestId":"2c3c8635-5df1-4c64-9985-3a93881dea16","ts":1788202911307,"status":200}
{"type":"start","requestId":"5cfb8b13-014e-4a61-aa14-43bc2af15e34","ts":1788202911312,"method":"GET","path":"/","backend":"http://localhost:9002"}
{"type":"finish","requestId":"5cfb8b13-014e-4a61-aa14-43bc2af15e34","ts":1788202911313,"status":200}
{"type":"start","requestId":"8b8104ec-3c3f-4365-909a-53cad9915077","ts":1788202911319,"method":"GET","path":"/","backend":"http://localhost:9001"}
{"type":"finish","requestId":"8b8104ec-3c3f-4365-909a-53cad9915077","ts":1788202911319,"status":200}
{"type":"start","requestId":"6590a79f-6a31-416c-b06b-f65e2eb83636","ts":1788202911326,"method":"GET","path":"/","backend":"http://localhost:9002"}
{"type":"finish","requestId":"6590a79f-6a31-416c-b06b-f65e2eb83636","ts":1788202911326,"status":200}
{"type":"start","requestId":"9ba5129a-bfb7-48e8-9d37-e7032d30ba8a","ts":1788202911333,"method":"GET","path":"/","backend":"http://localhost:9001"}
{"type":"finish","requestId":"9ba5129a-bfb7-48e8-9d37-e7032d30ba8a","ts":1788202911333,"status":200}
{"type":"start","requestId":"ae541a0d-2de3-4948-a5d3-d46bc08d2592","ts":1788202911339,"method":"GET","path":"/","backend":"http://localhost:9002"}
{"type":"finish","requestId":"ae541a0d-2de3-4948-a5d3-d46bc08d2592","ts":1788202911340,"status":200}
{"type":"start","requestId":"c572e3dc-deb0-4b0b-bb71-41f0896acf3c","ts":1788202911347,"method":"GET","path":"/","backend":"http://localhost:9001"}
{"type":"finish","requestId":"c572e3dc-deb0-4b0b-bb71-41f0896acf3c","ts":1788202911348,"status":200}
{"type":"start","requestId":"18a1dc6e-a981-4482-b1e4-7fc689172ee7","ts":1788202911354,"method":"GET","path":"/","backend":"http://localhost:9002"}
{"type":"finish","requestId":"18a1dc6e-a981-4482-b1e4-7fc689172ee7","ts":1788202911355,"status":200}
{"type":"start","requestId":"62f224ae-e44e-4ccc-8c0f-8c7e538bf9d6","ts":1788202911361,"method":"GET","path":"/","backend":"http://localhost:9001"}
{"type":"finish","requestId":"62f224ae-e44e-4ccc-8c0f-8c7e538bf9d6","ts":1788202911362,"status":200}
{"type":"start","requestId":"6612c05f-387b-4de6-b7f6-5d49eb3a5f60","ts":1788202911369,"method":"GET","path":"/","backend":"http://localhost:9002"}
{"type":"finish","requestId":"6612c05f-387b-4de6-b7f6-5d49eb3a5f60","ts":1788202911369,"status":200}
{"type":"start","requestId":"329f070f-d860-463b-ad9a-c885b1beaad9","ts":1788202911376,"method":"GET","path":"/","backend":"http://localhost:9001"}
{"type":"finish","requestId":"329f070f-d860-463b-ad9a-c885b1beaad9","ts":1788202911377,"status":200}
{"type":"start","requestId":"7b1a2c15-87f7-496e-abc3-9c8cd72a785d","ts":1788202911383,"method":"GET","path":"/","backend":"http://localhost:9002"}
{"type":"finish","requestId":"7b1a2c15-87f7-496e-abc3-9c8cd72a785d","ts":1788202911384,"status":200}
{"type":"start","requestId":"ed9028a6-d567-4dd7-81f6-40237087a179","ts":1788202911389,"method":"GET","path":"/","backend":"http://localhost:9001"}
{"type":"finish","requestId":"ed9028a6-d567-4dd7-81f6-40237087a179","ts":1788202911390,"status":200}
{"type":"start","requestId":"a5c94d8d-bd01-4470-a436-8a8584dcfa30","ts":1788202911398,"method":"GET","path":"/","backend":"http://localhost:9002"}
{"type":"finish","requestId":"a5c94d8d-bd01-4470-a436-8a8584dcfa30","ts":1788202911398,"status":200}
{"type":"start","requestId":"6f48b623-93b6-49df-b048-4e1e0b896904","ts":1788202911406,"method":"GET","path":"/","backend":"http://localhost:9001"}
{"type":"finish","requestId":"6f48b623-93b6-49df-b048-4e1e0b896904","ts":1788202911406,"status":200}
{"type":"start","requestId":"59739806-025f-4cb4-aaa6-f98d1fb9977c","ts":1788202911412,"method":"GET","path":"/","backend":"http://localhost:9002"}
{"type":"finish","requestId":"59739806-025f-4cb4-aaa6-f98d1fb9977c","ts":1788202911413,"status":200}
{"type":"start","requestId":"bc96642c-286c-46ba-a8c9-c557cac6a228","ts":1788202911419,"method":"GET","path":"/","backend":"http://localhost:9001"}
{"type":"finish","requestId":"bc96642c-286c-46ba-a8c9-c557cac6a228","ts":1788202911420,"status":200}
{"type":"start","requestId":"8b0b2628-c62c-4de9-95ec-ec53b352ce5a","ts":1788202911426,"method":"GET","path":"/","backend":"http://localhost:9002"}
{"type":"finish","requestId":"8b0b2628-c62c-4de9-95ec-ec53b352ce5a","ts":1788202911427,"status":200}
{"type":"start","requestId":"a0fb04b9-a843-46f4-8f20-094d5bad965f","ts":1788202911432,"method":"GET","path":"/","backend":"http://localhost:9001"}
{"type":"finish","requestId":"a0fb04b9-a843-46f4-8f20-094d5bad965f","ts":1788202911433,"status":200}
{"type":"start","requestId":"52cb8091-7fa4-4a4a-9149-df6ff79e8351","ts":1788202911440,"method":"GET","path":"/","backend":"http://localhost:9002"}
{"type":"finish","requestId":"52cb8091-7fa4-4a4a-9149-df6ff79e8351","ts":1788202911440,"status":200}
{"type":"start","requestId":"fdc7763a-26fd-4f0b-ae2d-605dda286ad2","ts":1788202911446,"method":"GET","path":"/","backend":"http://localhost:9001"}
{"type":"finish","requestId":"fdc7763a-26fd-4f0b-ae2d-605dda286ad2","ts":1788202911447,"status":200}
{"type":"start","requestId":"a776d1b1-c001-451c-9c86-1f385c05ccfe","ts":1788202911452,"method":"GET","path":"/","backend":"http://localhost:9002"}
{"type":"finish","requestId":"a776d1b1-c001-451c-9c86-1f385c05ccfe","ts":1788202911452,"status":200}
{"type":"start","requestId":"8c7c4adf-020b-4df7-9dca-0c1fdd40747e","ts":1788202911459,"method":"GET","path":"/","backend":"http://localhost:9001"}
{"type":"finish","requestId":"8c7c4adf-020b-4df7-9dca-0c1fdd40747e","ts":1788202911460,"status":200}
{"type":"start","requestId":"892be3c3-8d42-4b83-a304-ee45922f07c7","ts":1788202911467,"method":"GET","path":"/","backend":"http://localhost:9002"}
{"type":"finish","requestId":"892be3c3-8d42-4b83-a304-ee45922f07c7","ts":1788202911467,"status":200}
{"type":"start","requestId":"381211dd-1921-4812-9608-4ec2a0256c36","ts":1788202911474,"method":"GET","path":"/","backend":"http://localhost:9001"}
{"type":"finish","requestId":"381211dd-1921-4812-9608-4ec2a0256c36","ts":1788202911475,"status":200}
{"type":"start","requestId":"0268f557-aa84-4fd7-87e6-c517f1899c7b","ts":1788202911482,"method":"GET","path":"/","backend":"http://localhost:9002"}
{"type":"finish","requestId":"0268f557-aa84-4fd7-87e6-c517f1899c7b","ts":1788202911483,"status":200}
{"type":"start","requestId":"a6578242-b64d-4016-a389-01a180d33f08","ts":1788202911488,"method":"GET","path":"/","backend":"http://localhost:9001"}
{"type":"finish","requestId":"a6578242-b64d-4016-a389-01a180d33f08","ts":1788202911489,"status":200}
{"type":"start","requestId":"8fd6c4b6-38f4-4a79-b8b4-4f112b156161","ts":1788202911495,"method":"GET","path":"/","backend":"http://localhost:9002"}
{"type":"finish","requestId":"8fd6c4b6-38f4-4a79-b8b4-4f112b156161","ts":1788202911496,"status":200}
{"type":"start","requestId":"ff2a7473-1264-4c32-8a74-d7a0a2ddd49c","ts":1788202911502,"method":"GET","path":"/","backend":"http://localhost:9001"}
{"type":"finish","requestId":"ff2a7473-1264-4c32-8a74-d7a0a2ddd49c","ts":1788202911503,"status":200}
{"type":"start","requestId":"3ff5f5f9-fe50-4887-a8db-aef874fed21a","ts":1788202911508,"method":"GET","path":"/","backend":"http://localhost:9002"}
{"type":"finish","requestId":"3ff5f5f9-fe50-4887-a8db-aef874fed21a","ts":1788202911508,"status":200}
{"type":"start","requestId":"98b07107-df4d-4bd5-826f-e433e88fc651","ts":1788202911518,"method":"GET","path":"/","backend":"http://localhost:9001"}
{"type":"finish","requestId":"98b07107-df4d-4bd5-826f-e433e88fc651","ts":1788202911518,"status":200}
{"type":"start","requestId":"01a5d005-c9ba-4fe4-a289-bc9560220f8b","ts":1788202911525,"method":"GET","path":"/","backend":"http://localhost:9002"}
{"type":"finish","requestId":"01a5d005-c9ba-4fe4-a289-bc9560220f8b","ts":1788202911526,"status":200}
{"type":"start","requestId":"cbee1210-adb3-4129-aec6-6cb6ca267745","ts":1788202911531,"method":"GET","path":"/","backend":"http://localhost:9001"}
{"type":"finish","requestId":"cbee1210-adb3-4129-aec6-6cb6ca267745","ts":1788202911532,"status":200}
{"type":"start","requestId":"c6718d42-c4d0-4fa7-8964-ee09f02cda34","ts":1788202911537,"method":"GET","path":"/","backend":"http://localhost:9002"}
{"type":"finish","requestId":"c6718d42-c4d0-4fa7-8964-ee09f02cda34","ts":1788202911538,"status":200}
{"type":"start","requestId":"60b7a950-797b-42bf-b825-42fd5d35167e","ts":1788202911544,"method":"GET","path":"/","backend":"http://localhost:9001"}
{"type":"finish","requestId":"60b7a950-797b-42bf-b825-42fd5d35167e","ts":1788202911544,"status":200}
{"type":"start","requestId":"8a1746ed-cdca-4962-9945-143f41e69fbe","ts":1788202911550,"method":"GET","path":"/","backend":"http://localhost:9002"}
{"type":"finish","requestId":"8a1746ed-cdca-4962-9945-143f41e69fbe","ts":1788202911551,"status":200}
{"type":"start","requestId":"b984f057-ebb4-458b-abc8-bb3537edc79d","ts":1788202911558,"method":"GET","path":"/","backend":"http://localhost:9001"}
{"type":"finish","requestId":"b984f057-ebb4-458b-abc8-bb3537edc79d","ts":1788202911558,"status":200}
{"type":"start","requestId":"08345e3e-f445-471d-b8cf-fbdbd4fbef8a","ts":1788202911564,"method":"GET","path":"/","backend":"http://localhost:9002"}
{"type":"finish","requestId":"08345e3e-f445-471d-b8cf-fbdbd4fbef8a","ts":1788202911564,"status":200}
{"type":"start","requestId":"f2a48488-d492-467b-99fa-7e7c1a12f29f","ts":1788202911570,"method":"GET","path":"/","backend":"http://localhost:9001"}
{"type":"finish","requestId":"f2a48488-d492-467b-99fa-7e7c1a12f29f","ts":1788202911570,"status":200}
{"type":"start","requestId":"de5db7a1-af29-4c22-badf-420473be562c","ts":1788202911577,"method":"GET","path":"/","backend":"http://localhost:9002"}
{"type":"finish","requestId":"de5db7a1-af29-4c22-badf-420473be562c","ts":1788202911578,"status":200}
{"type":"start","requestId":"081808c9-ea9e-4b8d-ac2e-4caea5bf274b","ts":1788202911583,"method":"GET","path":"/","backend":"http://localhost:9001"}
{"type":"finish","requestId":"081808c9-ea9e-4b8d-ac2e-4caea5bf274b","ts":1788202911584,"status":200}
{"type":"start","requestId":"d4565cdd-1898-4ab1-b31d-fdb2b63c09e6","ts":1788202911591,"method":"GET","path":"/","backend":"http://localhost:9002"}
{"type":"finish","requestId":"d4565cdd-1898-4ab1-b31d-fdb2b63c09e6","ts":1788202911591,"status":200}
{"type":"start","requestId":"2c0e1bd2-40ca-497f-86f5-cfb2c5174cd2","ts":1788202911597,"method":"GET","path":"/","backend":"http://localhost:9001"}
{"type":"finish","requestId":"2c0e1bd2-40ca-497f-86f5-cfb2c5174cd2","ts":1788202911597,"status":200}
{"type":"start","requestId":"5d957e3d-984d-4eef-ab18-99d63c2f8674","ts":1788202911602,"method":"GET","path":"/","backend":"http://localhost:9002"}
{"type":"finish","requestId":"5d957e3d-984d-4eef-ab18-99d63c2f8674","ts":1788202911603,"status":200}
{"type":"start","requestId":"667a0947-1890-4ed5-8306-bcd88614363d","ts":1788202911609,"method":"GET","path":"/","backend":"http://localhost:9001"}
{"type":"finish","requestId":"667a0947-1890-4ed5-8306-bcd88614363d","ts":1788202911610,"status":200}
{"type":"start","requestId":"b1c12877-1be3-4589-8a45-ce9df2fa2323","ts":1788202911616,"method":"GET","path":"/","backend":"http://localhost:9002"}
{"type":"finish","requestId":"b1c12877-1be3-4589-8a45-ce9df2fa2323","ts":1788202911616,"status":200}
{"type":"start","requestId":"0a5b4422-9b59-4e7e-a87f-6c78d05ec7fd","ts":1788202911621,"method":"GET","path":"/","backend":"http://localhost:9001"}
{"type":"finish","requestId":"0a5b4422-9b59-4e7e-a87f-6c78d05ec7fd","ts":1788202911622,"status":200}
{"type":"start","requestId":"8191f64e-84fa-4d93-8edc-e039e422eb31","ts":1788202911628,"method":"GET","path":"/","backend":"http://localhost:9002"}
{"type":"finish","requestId":"8191f64e-84fa-4d93-8edc-e039e422eb31","ts":1788202911629,"status":200}
{"type":"start","requestId":"1455a703-d6a6-4965-960a-ddd50073ddcb","ts":1788202911634,"method":"GET","path":"/","backend":"http://localhost:9001"}
{"type":"finish","requestId":"1455a703-d6a6-4965-960a-ddd50073ddcb","ts":1788202911635,"status":200}
{"type":"start","requestId":"81b0edcd-a06e-404d-b781-d66a6d34176e","ts":1788202911640,"method":"GET","path":"/","backend":"http://localhost:9002"}
{"type":"finish","requestId":"81b0edcd-a06e-404d-b781-d66a6d34176e","ts":1788202911641,"status":200}
{"type":"start","requestId":"503dbfab-0bdc-46e0-8019-5b3ecb982cb8","ts":1788202947579,"method":"GET","path":"/","backend":"http://localhost:9001"}
{"type":"finish","requestId":"503dbfab-0bdc-46e0-8019-5b3ecb982cb8","ts":1788202947580,"status":200}
{"type":"start","requestId":"9adeb8b4-e92b-4f01-8405-194c1aef983e","ts":1788202947588,"method":"GET","path":"/","backend":"http://localhost:9002"}
{"type":"finish","requestId":"9adeb8b4-e92b-4f01-8405-194c1aef983e","ts":1788202947589,"status":200}
{"type":"start","requestId":"8d6091af-4873-478e-b916-8ae31a777726","ts":1788202947595,"method":"GET","path":"/","backend":"http://localhost:9001"}
{"type":"finish","requestId":"8d6091af-4873-478e-b916-8ae31a777726","ts":1788202947596,"status":200}
{"type":"start","requestId":"367361f5-d0fe-45b5-a8b7-8ee348429bc1","ts":1788202947604,"method":"GET","path":"/","backend":"http://localhost:9002"}
{"type":"finish","requestId":"367361f5-d0fe-45b5-a8b7-8ee348429bc1","ts":1788202947605,"status":200}
{"type":"start","requestId":"e3aa0201-357c-489f-9b42-2f826e595142","ts":1788202947613,"method":"GET","path":"/","backend":"http://localhost:9001"}
{"type":"finish","requestId":"e3aa0201-357c-489f-9b42-2f826e595142","ts":1788202947613,"status":200}
{"type":"start","requestId":"1f012ff8-66ca-40f8-98f5-82a60df50f7f","ts":1788202947620,"method":"GET","path":"/","backend":"http://localhost:9002"}
{"type":"finish","requestId":"1f012ff8-66ca-40f8-98f5-82a60df50f7f","ts":1788202947621,"status":200}
{"type":"start","requestId":"32f5541d-7ac0-4c0c-a670-3284e6eda9fc","ts":1788202947628,"method":"GET","path":"/","backend":"http://localhost:9001"}
{"type":"finish","requestId":"32f5541d-7ac0-4c0c-a670-3284e6eda9fc","ts":1788202947629,"status":200}
{"type":"start","requestId":"fc9269b8-2fb1-4af6-ac8c-e81a38656cad","ts":1788202947635,"method":"GET","path":"/","backend":"http://localhost:9002"}
{"type":"finish","requestId":"fc9269b8-2fb1-4af6-ac8c-e81a38656cad","ts":1788202947636,"status":200}
{"type":"start","requestId":"04b68a42-f209-406e-ae4c-f5117d66339c","ts":1788202947643,"method":"GET","path":"/","backend":"http://localhost:9001"}
{"type":"finish","requestId":"04b68a42-f209-406e-ae4c-f5117d66339c","ts":1788202947643,"status":200}
{"type":"start","requestId":"6d23f23d-8dec-4d0b-8836-84532d2260de","ts":1788202947649,"method":"GET","path":"/","backend":"http://localhost:9002"}
{"type":"finish","requestId":"6d23f23d-8dec-4d0b-8836-84532d2260de","ts":1788202947650,"status":200}
{"type":"start","requestId":"a418b48c-7198-4d33-aff0-0482c213d4d5","ts":1788202947656,"method":"GET","path":"/","backend":"http://localhost:9001"}
{"type":"finish","requestId":"a418b48c-7198-4d33-aff0-0482c213d4d5","ts":1788202947657,"status":200}
{"type":"start","requestId":"84b164f6-d9c0-43a1-b336-3f53fad2b8ae","ts":1788202947663,"method":"GET","path":"/","backend":"http://localhost:9002"}
{"type":"finish","requestId":"84b164f6-d9c0-43a1-b336-3f53fad2b8ae","ts":1788202947663,"status":200}
{"type":"start","requestId":"82df5f8e-9d1e-4d3d-826a-a2fe4967a148","ts":1788202947670,"method":"GET","path":"/","backend":"http://localhost:9001"}
{"type":"finish","requestId":"82df5f8e-9d1e-4d3d-826a-a2fe4967a148","ts":1788202947670,"status":200}
{"type":"start","requestId":"042f1959-f48f-4c8e-9f94-2def4546d2b6","ts":1788202947678,"method":"GET","path":"/","backend":"http://localhost:9002"}
{"type":"finish","requestId":"042f1959-f48f-4c8e-9f94-2def4546d2b6","ts":1788202947679,"status":200}
{"type":"start","requestId":"51e022cb-4691-4399-9fd3-8877b5bae2e8","ts":1788202947686,"method":"GET","path":"/","backend":"http://localhost:9001"}
{"type":"finish","requestId":"51e022cb-4691-4399-9fd3-8877b5bae2e8","ts":1788202947687,"status":200}
{"type":"start","requestId":"1175dea0-22b2-4841-8bd8-99526d2399f3","ts":1788202947693,"method":"GET","path":"/","backend":"http://localhost:9002"}
{"type":"finish","requestId":"1175dea0-22b2-4841-8bd8-99526d2399f3","ts":1788202947694,"status":200}
{"type":"start","requestId":"7bb2fbcb-24e4-45c7-ae9e-45b3b9cac11d","ts":1788202947701,"method":"GET","path":"/","backend":"http://localhost:9001"}
{"type":"finish","requestId":"7bb2fbcb-24e4-45c7-ae9e-45b3b9cac11d","ts":1788202947701,"status":200}
{"type":"start","requestId":"9e2e6193-88e7-4ded-9982-90d7f2634dff","ts":1788202947709,"method":"GET","path":"/","backend":"http://localhost:9002"}
{"type":"finish","requestId":"9e2e6193-88e7-4ded-9982-90d7f2634dff","ts":1788202947710,"status":200}
{"type":"start","requestId":"8a8649bc-62b5-465d-80a8-04cb96f82306","ts":1788202947717,"method":"GET","path":"/","backend":"http://localhost:9001"}
{"type":"finish","requestId":"8a8649bc-62b5-465d-80a8-04cb96f82306","ts":1788202947717,"status":200}
{"type":"start","requestId":"7c63eac9-7c3f-4fb2-975d-7eda42175f2e","ts":1788202947723,"method":"GET","path":"/","backend":"http://localhost:9002"}
{"type":"finish","requestId":"7c63eac9-7c3f-4fb2-975d-7eda42175f2e","ts":1788202947723,"status":200}
{"type":"start","requestId":"9070659f-7a32-418c-ad98-8e489818a1a7","ts":1788202947730,"method":"GET","path":"/","backend":"http://localhost:9001"}
{"type":"finish","requestId":"9070659f-7a32-418c-ad98-8e489818a1a7","ts":1788202947730,"status":200}
{"type":"start","requestId":"3acdd48e-c9fd-474e-873f-d11d3a100fc4","ts":1788202947736,"method":"GET","path":"/","backend":"http://localhost:9002"}
{"type":"finish","requestId":"3acdd48e-c9fd-474e-873f-d11d3a100fc4","ts":1788202947737,"status":200}
{"type":"start","requestId":"6036cd2b-5a22-48ea-8e55-be4aa18edb0e","ts":1788202947743,"method":"GET","path":"/","backend":"http://localhost:9001"}
{"type":"finish","requestId":"6036cd2b-5a22-48ea-8e55-be4aa18edb0e","ts":1788202947743,"status":200}
{"type":"start","requestId":"496d401f-d1fa-49f5-b6a6-0b69d2de90a6","ts":1788202947751,"method":"GET","path":"/","backend":"http://localhost:9002"}
{"type":"finish","requestId":"496d401f-d1fa-49f5-b6a6-0b69d2de90a6","ts":1788202947751,"status":200}
{"type":"start","requestId":"1fbc32c8-f430-443b-986a-487b2017862a","ts":1788202947758,"method":"GET","path":"/","backend":"http://localhost:9001"}
{"type":"finish","requestId":"1fbc32c8-f430-443b-986a-487b2017862a","ts":1788202947758,"status":200}
{"type":"start","requestId":"0e187616-5d0a-45c3-919c-73bc735bad66","ts":1788202947763,"method":"GET","path":"/","backend":"http://localhost:9002"}
{"type":"finish","requestId":"0e187616-5d0a-45c3-919c-73bc735bad66","ts":1788202947764,"status":200}
{"type":"start","requestId":"aa3de62a-ee31-4740-8295-080a908d628e","ts":1788202947771,"method":"GET","path":"/","backend":"http://localhost:9001"}
{"type":"finish","requestId":"aa3de62a-ee31-4740-8295-080a908d628e","ts":1788202947772,"status":200}
{"type":"start","requestId":"0fb5625c-f0b1-4aba-abe4-d102c33b1450","ts":1788202947779,"method":"GET","path":"/","backend":"http://localhost:9002"}
{"type":"finish","requestId":"0fb5625c-f0b1-4aba-abe4-d102c33b1450","ts":1788202947780,"status":200}
{"type":"start","requestId":"08f66407-0a52-436f-9cde-76ceb21bb199","ts":1788202947787,"method":"GET","path":"/","backend":"http://localhost:9001"}
{"type":"finish","requestId":"08f66407-0a52-436f-9cde-76ceb21bb199","ts":1788202947788,"status":200}
{"type":"start","requestId":"8c11d355-46e1-4253-a73f-09d09f9cff9a","ts":1788202947795,"method":"GET","path":"/","backend":"http://localhost:9002"}
{"type":"finish","requestId":"8c11d355-46e1-4253-a73f-09d09f9cff9a","ts":1788202947795,"status":200}
{"type":"start","requestId":"65dd6fc2-9a06-4af3-85cb-036b00b4342f","ts":1788202947801,"method":"GET","path":"/","backend":"http://localhost:9001"}
{"type":"finish","requestId":"65dd6fc2-9a06-4af3-85cb-036b00b4342f","ts":1788202947802,"status":200}
{"type":"start","requestId":"fe7276e8-2c7d-4fd6-bc98-92efacc88ae9","ts":1788202947807,"method":"GET","path":"/","backend":"http://localhost:9002"}
{"type":"finish","requestId":"fe7276e8-2c7d-4fd6-bc98-92efacc88ae9","ts":1788202947808,"status":200}
{"type":"start","requestId":"da35fc45-5f25-4bb4-b150-13248f837bc4","ts":1788202947814,"method":"GET","path":"/","backend":"http://localhost:9001"}
{"type":"finish","requestId":"da35fc45-5f25-4bb4-b150-13248f837bc4","ts":1788202947815,"status":200}
{"type":"start","requestId":"3a26aedc-c4de-4a22-929d-b648cace6404","ts":1788202947821,"method":"GET","path":"/","backend":"http://localhost:9002"}
{"type":"finish","requestId":"3a26aedc-c4de-4a22-929d-b648cace6404","ts":1788202947821,"status":200}
{"type":"start","requestId":"2e83a051-1923-41d5-874a-70c2a41513dc","ts":1788202947827,"method":"GET","path":"/","backend":"http://localhost:9001"}
{"type":"finish","requestId":"2e83a051-1923-41d5-874a-70c2a41513dc","ts":1788202947828,"status":200}
{"type":"start","requestId":"9d1176ad-2e9f-4305-8099-cfddfe06d4c1","ts":1788202947833,"method":"GET","path":"/","backend":"http://localhost:9002"}
{"type":"finish","requestId":"9d1176ad-2e9f-4305-8099-cfddfe06d4c1","ts":1788202947834,"status":200}
{"type":"start","requestId":"8ab28c6a-b025-492a-8a9e-4ee80ec1fbb0","ts":1788202947839,"method":"GET","path":"/","backend":"http://localhost:9001"}
{"type":"finish","requestId":"8ab28c6a-b025-492a-8a9e-4ee80ec1fbb0","ts":1788202947840,"status":200}
{"type":"start","requestId":"0150d6ab-0eb4-4523-8a04-095d552ca26e","ts":1788202947846,"method":"GET","path":"/","backend":"http://localhost:9002"}
{"type":"finish","requestId":"0150d6ab-0eb4-4523-8a04-095d552ca26e","ts":1788202947846,"status":200}
{"type":"start","requestId":"4de0a674-d386-4b48-a00a-b9027f29bcb3","ts":1788202947852,"method":"GET","path":"/","backend":"http://localhost:9001"}
{"type":"finish","requestId":"4de0a674-d386-4b48-a00a-b9027f29bcb3","ts":1788202947853,"status":200}
{"type":"start","requestId":"aa79e0aa-53b2-42e2-a280-6d9a2a016d16","ts":1788202947859,"method":"GET","path":"/","backend":"http://localhost:9002"}
{"type":"finish","requestId":"aa79e0aa-53b2-42e2-a280-6d9a2a016d16","ts":1788202947860,"status":200}
{"type":"start","requestId":"e7650b7c-248b-4444-9bd7-1b1926c24867","ts":1788202947866,"method":"GET","path":"/","backend":"http://localhost:9001"}
{"type":"finish","requestId":"e7650b7c-248b-4444-9bd7-1b1926c24867","ts":1788202947867,"status":200}
{"type":"start","requestId":"ea3c033b-4510-4304-9744-0666fab6fd9b","ts":1788202947873,"method":"GET","path":"/","backend":"http://localhost:9002"}
{"type":"finish","requestId":"ea3c033b-4510-4304-9744-0666fab6fd9b","ts":1788202947874,"status":200}
{"type":"start","requestId":"b80b6d36-8515-4520-8522-747b6d273c0d","ts":1788202947880,"method":"GET","path":"/","backend":"http://localhost:9001"}
{"type":"finish","requestId":"b80b6d36-8515-4520-8522-747b6d273c0d","ts":1788202947880,"status":200}
{"type":"start","requestId":"c8f51f05-dd4c-4fc7-8155-41b427a246f4","ts":1788202947885,"method":"GET","path":"/","backend":"http://localhost:9002"}
{"type":"finish","requestId":"c8f51f05-dd4c-4fc7-8155-41b427a246f4","ts":1788202947885,"status":200}
{"type":"start","requestId":"7abeafbf-78b0-41be-99b3-bb9f8ceddebf","ts":1788202947892,"method":"GET","path":"/","backend":"http://localhost:9001"}
{"type":"finish","requestId":"7abeafbf-78b0-41be-99b3-bb9f8ceddebf","ts":1788202947892,"status":200}
{"type":"start","requestId":"87daa3eb-fc8f-4b5d-bebf-97c53411cf1e","ts":1788202947899,"method":"GET","path":"/","backend":"http://localhost:9002"}
{"type":"finish","requestId":"87daa3eb-fc8f-4b5d-bebf-97c53411cf1e","ts":1788202947900,"status":200}
{"type":"start","requestId":"e4c20971-065e-4807-b134-f78f2d0bb941","ts":1788202947904,"method":"GET","path":"/","backend":"http://localhost:9001"}
{"type":"finish","requestId":"e4c20971-065e-4807-b134-f78f2d0bb941","ts":1788202947905,"status":200}
{"type":"start","requestId":"4c0e1431-c3fd-4bcc-85f0-5bfd904643e5","ts":1788202947911,"method":"GET","path":"/","backend":"http://localhost:9002"}
{"type":"finish","requestId":"4c0e1431-c3fd-4bcc-85f0-5bfd904643e5","ts":1788202947912,"status":200}
{"type":"start","requestId":"8b9d8868-a608-4d06-be76-ba3cb3c87947","ts":1788202947918,"method":"GET","path":"/","backend":"http://localhost:9001"}
{"type":"finish","requestId":"8b9d8868-a608-4d06-be76-ba3cb3c87947","ts":1788202947919,"status":200}
{"type":"start","requestId":"0d1dd9ce-1eca-40e9-9b08-ecec0b9aafc3","ts":1788202947926,"method":"GET","path":"/","backend":"http://localhost:9002"}
{"type":"finish","requestId":"0d1dd9ce-1eca-40e9-9b08-ecec0b9aafc3","ts":1788202947927,"status":200}
{"type":"start","requestId":"635fcdb7-fa56-4788-8a20-d2c4973d25ae","ts":1788202947934,"method":"GET","path":"/","backend":"http://localhost:9001"}
{"type":"finish","requestId":"635fcdb7-fa56-4788-8a20-d2c4973d25ae","ts":1788202947935,"status":200}
{"type":"start","requestId":"74827865-e4f2-496a-bd54-2a78b7018066","ts":1788202947940,"method":"GET","path":"/","backend":"http://localhost:9002"}
{"type":"finish","requestId":"74827865-e4f2-496a-bd54-2a78b7018066","ts":1788202947941,"status":200}
{"type":"start","requestId":"52413b1a-49bd-40f0-b85e-ee9f440acbac","ts":1788202947948,"method":"GET","path":"/","backend":"http://localhost:9001"}
{"type":"finish","requestId":"52413b1a-49bd-40f0-b85e-ee9f440acbac","ts":1788202947949,"status":200}
{"type":"start","requestId":"2b479a6c-7680-4e62-88d6-fa8070624699","ts":1788202947954,"method":"GET","path":"/","backend":"http://localhost:9002"}
{"type":"finish","requestId":"2b479a6c-7680-4e62-88d6-fa8070624699","ts":1788202947955,"status":200}
{"type":"start","requestId":"4c98fcfc-543d-46eb-abd3-15b6efee6571","ts":1788202947961,"method":"GET","path":"/","backend":"http://localhost:9001"}
{"type":"finish","requestId":"4c98fcfc-543d-46eb-abd3-15b6efee6571","ts":1788202947962,"status":200}
{"type":"start","requestId":"8fa932ee-7ec2-478a-aec3-f8d46f2b5977","ts":1788202947968,"method":"GET","path":"/","backend":"http://localhost:9002"}
{"type":"finish","requestId":"8fa932ee-7ec2-478a-aec3-f8d46f2b5977","ts":1788202947968,"status":200}
{"type":"start","requestId":"96548e14-e3d5-40c4-a805-a6d8a1a05f1b","ts":1788202947975,"method":"GET","path":"/","backend":"http://localhost:9001"}
{"type":"finish","requestId":"96548e14-e3d5-40c4-a805-a6d8a1a05f1b","ts":1788202947976,"status":200}
{"type":"start","requestId":"3c3dcf9f-4a98-49a8-a4e1-671c371fa21c","ts":1788202947983,"method":"GET","path":"/","backend":"http://localhost:9002"}
{"type":"finish","requestId":"3c3dcf9f-4a98-49a8-a4e1-671c371fa21c","ts":1788202947984,"status":200}
{"type":"start","requestId":"936a1b27-01eb-41c9-b245-16d27ac5a199","ts":1788202947991,"method":"GET","path":"/","backend":"http://localhost:9001"}
{"type":"finish","requestId":"936a1b27-01eb-41c9-b245-16d27ac5a199","ts":1788202947992,"status":200}
{"type":"start","requestId":"ac6b96c0-e742-403c-9cb8-d435704df530","ts":1788202947998,"method":"GET","path":"/","backend":"http://localhost:9002"}
{"type":"finish","requestId":"ac6b96c0-e742-403c-9cb8-d435704df530","ts":1788202947999,"status":200}
{"type":"start","requestId":"ad0bd99e-893f-404d-aa7c-eed59cb77834","ts":1788202948005,"method":"GET","path":"/","backend":"http://localhost:9001"}
{"type":"finish","requestId":"ad0bd99e-893f-404d-aa7c-eed59cb77834","ts":1788202948005,"status":200}
{"type":"start","requestId":"505af45c-3d86-4f44-8936-9e307be6e429","ts":1788202948155,"method":"GET","path":"/","backend":"http://localhost:9002"}
{"type":"finish","requestId":"505af45c-3d86-4f44-8936-9e307be6e429","ts":1788202948155,"status":200}
{"type":"start","requestId":"357fdac1-86fb-4b04-9785-93b0f3eb3e03","ts":1788202948757,"method":"GET","path":"/","backend":"http://localhost:9001"}
{"type":"finish","requestId":"357fdac1-86fb-4b04-9785-93b0f3eb3e03","ts":1788202948757,"status":200}
{"type":"start","requestId":"12c34739-fab7-4299-abb8-7bcc47051760","ts":1788202949354,"method":"GET","path":"/","backend":"http://localhost:9002"}
{"type":"finish","requestId":"12c34739-fab7-4299-abb8-7bcc47051760","ts":1788202949354,"status":200}
{"type":"start","requestId":"c1a4eadb-6366-4254-8a7c-521881305d95","ts":1788202949959,"method":"GET","path":"/","backend":"http://localhost:9001"}
{"type":"finish","requestId":"c1a4eadb-6366-4254-8a7c-521881305d95","ts":1788202949960,"status":200}
{"type":"start","requestId":"594be119-f31d-41fd-b570-875b562dda78","ts":1788202950558,"method":"GET","path":"/","backend":"http://localhost:9002"}
{"type":"finish","requestId":"594be119-f31d-41fd-b570-875b562dda78","ts":1788202950559,"status":200}
{"type":"start","requestId":"756b3a17-4e73-4e80-9a66-b65d6c8ee24a","ts":1788202951157,"method":"GET","path":"/","backend":"http://localhost:9001"}
{"type":"finish","requestId":"756b3a17-4e73-4e80-9a66-b65d6c8ee24a","ts":1788202951157,"status":200}
{"type":"start","requestId":"31f62c06-0c7e-4bd9-85fd-5ab7844492cb","ts":1788202951758,"method":"GET","path":"/","backend":"http://localhost:9002"}
{"type":"finish","requestId":"31f62c06-0c7e-4bd9-85fd-5ab7844492cb","ts":1788202951758,"status":200}
{"type":"start","requestId":"b31150d4-0c38-40ee-8020-056d24035be6","ts":1788202952360,"method":"GET","path":"/","backend":"http://localhost:9001"}
{"type":"finish","requestId":"b31150d4-0c38-40ee-8020-056d24035be6","ts":1788202952360,"status":200}
{"type":"start","requestId":"062186cc-ffdc-4e9d-bac1-b1e79abb1826","ts":1788202952957,"method":"GET","path":"/","backend":"http://localhost:9002"}
{"type":"finish","requestId":"062186cc-ffdc-4e9d-bac1-b1e79abb1826","ts":1788202952957,"status":200}
{"type":"start","requestId":"47af5263-e15a-496d-a3f0-4e1b58565c3b","ts":1788202953555,"method":"GET","path":"/","backend":"http://localhost:9001"}
{"type":"finish","requestId":"47af5263-e15a-496d-a3f0-4e1b58565c3b","ts":1788202953556,"status":200}
{"type":"start","requestId":"e41a7ef0-b51a-4a24-9ea8-89733e5ce0d6","ts":1788203150200,"method":"GET","path":"/favicon.ico","backend":"http://localhost:9002"}
{"type":"finish","requestId":"e41a7ef0-b51a-4a24-9ea8-89733e5ce0d6","ts":1788203150200,"status":200}
{"type":"start","requestId":"c1cd9c2a-f503-4f4a-9c08-223e433db0de","ts":1788203214366,"method":"GET","path":"/","backend":"http://localhost:9002"}
{"type":"finish","requestId":"c1cd9c2a-f503-4f4a-9c08-223e433db0de","ts":1788203214367,"status":200}
{"type":"start","requestId":"6c1a6e2b-68ae-4566-be46-0b4478fd5321","ts":1788205653202,"method":"GET","path":"/","backend":"http://localhost:9001"}
{"type":"finish","requestId":"6c1a6e2b-68ae-4566-be46-0b4478fd5321","ts":1788205653211,"status":200}
{"type":"start","requestId":"a143d6b5-9b5c-435a-8ec5-588c019c3453","ts":1788205666402,"method":"GET","path":"/","backend":"http://localhost:9002"}
{"type":"finish","requestId":"a143d6b5-9b5c-435a-8ec5-588c019c3453","ts":1788205666407,"status":200}
{"type":"start","requestId":"3b54ff47-d5e5-4003-970e-0561b12edd70","ts":1788205669548,"method":"GET","path":"/","backend":"http://localhost:9001"}
{"type":"finish","requestId":"3b54ff47-d5e5-4003-970e-0561b12edd70","ts":1788205669551,"status":200}
{"type":"start","requestId":"9b1a0c68-3540-453c-a639-162e4bd8b08b","ts":1788205739803,"method":"GET","path":"/api","backend":"http://localhost:9002"}
{"type":"finish","requestId":"9b1a0c68-3540-453c-a639-162e4bd8b08b","ts":1788205739805,"status":200}
{"type":"start","requestId":"fcb8fbef-cc11-455d-bfdc-99fbe660b5a0","ts":1788205747797,"method":"GET","path":"/","backend":"http://localhost:9001"}
{"type":"finish","requestId":"fcb8fbef-cc11-455d-bfdc-99fbe660b5a0","ts":1788205747800,"status":200}
{"type":"start","requestId":"0b1dd071-7cd4-4a89-89c3-7f121faa812e","ts":1788205747823,"method":"GET","path":"/","backend":"http://localhost:9002"}
{"type":"finish","requestId":"0b1dd071-7cd4-4a89-89c3-7f121faa812e","ts":1788205747829,"status":200}
{"type":"start","requestId":"c2662e1d-b3dd-46ea-9050-f1b05e6619f1","ts":1788205747855,"method":"GET","path":"/","backend":"http://localhost:9001"}
{"type":"finish","requestId":"c2662e1d-b3dd-46ea-9050-f1b05e6619f1","ts":1788205747857,"status":200}
{"type":"start","requestId":"6e52e639-9568-4006-8abb-a51991cae061","ts":1788205747873,"method":"GET","path":"/","backend":"http://localhost:9002"}
{"type":"finish","requestId":"6e52e639-9568-4006-8abb-a51991cae061","ts":1788205747875,"status":200}
{"type":"start","requestId":"18350ea1-a07d-4222-8021-b947c406efbf","ts":1788205747897,"method":"GET","path":"/","backend":"http://localhost:9001"}
{"type":"finish","requestId":"18350ea1-a07d-4222-8021-b947c406efbf","ts":1788205747899,"status":200}
{"type":"start","requestId":"4d7b440e-c055-4204-9a4b-458af16827e6","ts":1788205747920,"method":"GET","path":"/","backend":"http://localhost:9002"}
{"type":"finish","requestId":"4d7b440e-c055-4204-9a4b-458af16827e6","ts":1788205747921,"status":200}
{"type":"start","requestId":"caee876a-30c5-4843-bd12-f89fe37af5c4","ts":1788205747939,"method":"GET","path":"/","backend":"http://localhost:9001"}
{"type":"finish","requestId":"caee876a-30c5-4843-bd12-f89fe37af5c4","ts":1788205747941,"status":200}
{"type":"start","requestId":"9ca2163d-fe85-43c0-8e7d-e612c74c39aa","ts":1788205747962,"method":"GET","path":"/","backend":"http://localhost:9002"}
{"type":"finish","requestId":"9ca2163d-fe85-43c0-8e7d-e612c74c39aa","ts":1788205747964,"status":200}
{"type":"start","requestId":"ac774398-20ad-4820-8c27-923806148c1e","ts":1788205747983,"method":"GET","path":"/","backend":"http://localhost:9001"}
{"type":"finish","requestId":"ac774398-20ad-4820-8c27-923806148c1e","ts":1788205747984,"status":200}
{"type":"start","requestId":"3531034c-7116-4398-a6c7-049fc0c8c23b","ts":1788205748002,"method":"GET","path":"/","backend":"http://localhost:9002"}
{"type":"finish","requestId":"3531034c-7116-4398-a6c7-049fc0c8c23b","ts":1788205748004,"status":200}
{"type":"start","requestId":"28a1ee76-1283-48ea-937c-2440dcef9970","ts":1788205748022,"method":"GET","path":"/","backend":"http://localhost:9001"}
{"type":"finish","requestId":"28a1ee76-1283-48ea-937c-2440dcef9970","ts":1788205748024,"status":200}
{"type":"start","requestId":"5b1cc197-e6dc-4dc1-b783-b95e5bd62816","ts":1788205748042,"method":"GET","path":"/","backend":"http://localhost:9002"}
{"type":"finish","requestId":"5b1cc197-e6dc-4dc1-b783-b95e5bd62816","ts":1788205748046,"status":200}
{"type":"start","requestId":"8a72d744-fbcd-4b78-9523-3fbddb479a20","ts":1788205748067,"method":"GET","path":"/","backend":"http://localhost:9001"}
{"type":"finish","requestId":"8a72d744-fbcd-4b78-9523-3fbddb479a20","ts":1788205748069,"status":200}
{"type":"start","requestId":"5589e80d-171c-4e3d-9750-88d4fde085ae","ts":1788205748087,"method":"GET","path":"/","backend":"http://localhost:9002"}
{"type":"finish","requestId":"5589e80d-171c-4e3d-9750-88d4fde085ae","ts":1788205748089,"status":200}
{"type":"start","requestId":"17257331-d952-41de-96e1-beb03d891478","ts":1788205748110,"method":"GET","path":"/","backend":"http://localhost:9001"}
{"type":"finish","requestId":"17257331-d952-41de-96e1-beb03d891478","ts":1788205748112,"status":200}
{"type":"start","requestId":"14a95027-9631-47fc-b54f-97d7eaed5b95","ts":1788205748131,"method":"GET","path":"/","backend":"http://localhost:9002"}
{"type":"finish","requestId":"14a95027-9631-47fc-b54f-97d7eaed5b95","ts":1788205748133,"status":200}
{"type":"start","requestId":"bffe5501-68c4-4ffe-9a78-aafb02beef28","ts":1788205748154,"method":"GET","path":"/","backend":"http://localhost:9001"}
{"type":"finish","requestId":"bffe5501-68c4-4ffe-9a78-aafb02beef28","ts":1788205748156,"status":200}
{"type":"start","requestId":"c293cf0f-5c0b-410e-bcd4-889151bc28d5","ts":1788205748174,"method":"GET","path":"/","backend":"http://localhost:9002"}
{"type":"finish","requestId":"c293cf0f-5c0b-410e-bcd4-889151bc28d5","ts":1788205748176,"status":200}
{"type":"start","requestId":"099e8305-3bde-4d17-8c93-8297504e5f73","ts":1788205748196,"method":"GET","path":"/","backend":"http://localhost:9001"}
{"type":"finish","requestId":"099e8305-3bde-4d17-8c93-8297504e5f73","ts":1788205748197,"status":200}
{"type":"start","requestId":"f57bef60-0a06-4db1-b4ee-aa89a88a9e41","ts":1788205748217,"method":"GET","path":"/","backend":"http://localhost:9002"}
{"type":"finish","requestId":"f57bef60-0a06-4db1-b4ee-aa89a88a9e41","ts":1788205748219,"status":200}
{"type":"start","requestId":"7a1d97b5-c6b3-4c89-af71-01a4833b9125","ts":1788205748238,"method":"GET","path":"/","backend":"http://localhost:9001"}
{"type":"finish","requestId":"7a1d97b5-c6b3-4c89-af71-01a4833b9125","ts":1788205748240,"status":200}
{"type":"start","requestId":"9aad5734-836d-4520-a4b8-431781cdf885","ts":1788205748257,"method":"GET","path":"/","backend":"http://localhost:9002"}
{"type":"finish","requestId":"9aad5734-836d-4520-a4b8-431781cdf885","ts":1788205748259,"status":200}
{"type":"start","requestId":"df187773-4f7c-4bfb-a487-42437fbf7400","ts":1788205748278,"method":"GET","path":"/","backend":"http://localhost:9001"}
{"type":"finish","requestId":"df187773-4f7c-4bfb-a487-42437fbf7400","ts":1788205748280,"status":200}
{"type":"start","requestId":"a97a06d5-82a9-4e7b-ba92-79d11f35e423","ts":1788205748302,"method":"GET","path":"/","backend":"http://localhost:9002"}
{"type":"finish","requestId":"a97a06d5-82a9-4e7b-ba92-79d11f35e423","ts":1788205748304,"status":200}
{"type":"start","requestId":"93780957-8aaa-41c2-a8fa-a3c807ac0b8a","ts":1788205748323,"method":"GET","path":"/","backend":"http://localhost:9001"}
{"type":"finish","requestId":"93780957-8aaa-41c2-a8fa-a3c807ac0b8a","ts":1788205748324,"status":200}
{"type":"start","requestId":"89006541-1554-44a4-b766-e5c383c32a41","ts":1788205748344,"method":"GET","path":"/","backend":"http://localhost:9002"}
{"type":"finish","requestId":"89006541-1554-44a4-b766-e5c383c32a41","ts":1788205748346,"status":200}
{"type":"start","requestId":"dae0f7a9-c53b-4530-966d-115ebe731690","ts":1788205748366,"method":"GET","path":"/","backend":"http://localhost:9001"}
{"type":"finish","requestId":"dae0f7a9-c53b-4530-966d-115ebe731690","ts":1788205748368,"status":200}
{"type":"start","requestId":"c6136cee-4fce-4b29-8390-bd7660bae743","ts":1788205748385,"method":"GET","path":"/","backend":"http://localhost:9002"}
{"type":"finish","requestId":"c6136cee-4fce-4b29-8390-bd7660bae743","ts":1788205748386,"status":200}
{"type":"start","requestId":"14c0190f-51ec-40fa-a7f3-30fe3220ad40","ts":1788205748406,"method":"GET","path":"/","backend":"http://localhost:9001"}
{"type":"finish","requestId":"14c0190f-51ec-40fa-a7f3-30fe3220ad40","ts":1788205748408,"status":200}
{"type":"start","requestId":"0e095c97-e1a6-4974-a626-ad2f6e3e5634","ts":1788205748429,"method":"GET","path":"/","backend":"http://localhost:9002"}
{"type":"finish","requestId":"0e095c97-e1a6-4974-a626-ad2f6e3e5634","ts":1788205748431,"status":200}
{"type":"start","requestId":"0336cbdc-0508-4799-be41-74ec0ef0be71","ts":1788205748452,"method":"GET","path":"/","backend":"http://localhost:9001"}
{"type":"finish","requestId":"0336cbdc-0508-4799-be41-74ec0ef0be71","ts":1788205748454,"status":200}
{"type":"start","requestId":"c2eb2ec8-c19e-4b6b-bdaa-d8d260169028","ts":1788205748472,"method":"GET","path":"/","backend":"http://localhost:9002"}
{"type":"finish","requestId":"c2eb2ec8-c19e-4b6b-bdaa-d8d260169028","ts":1788205748475,"status":200}
{"type":"start","requestId":"629ad9fb-e3e9-42dd-8ae5-d54d29ddc2c0","ts":1788205748495,"method":"GET","path":"/","backend":"http://localhost:9001"}
{"type":"finish","requestId":"629ad9fb-e3e9-42dd-8ae5-d54d29ddc2c0","ts":1788205748497,"status":200}
{"type":"start","requestId":"1cc6edea-cf40-459b-9a33-b5223660efc4","ts":1788205748519,"method":"GET","path":"/","backend":"http://localhost:9002"}
{"type":"finish","requestId":"1cc6edea-cf40-459b-9a33-b5223660efc4","ts":1788205748522,"status":200}
{"type":"start","requestId":"13476387-fd21-4aeb-876b-83a1f8ec9f8a","ts":1788205748544,"method":"GET","path":"/","backend":"http://localhost:9001"}
{"type":"finish","requestId":"13476387-fd21-4aeb-876b-83a1f8ec9f8a","ts":1788205748546,"status":200}
{"type":"start","requestId":"f0085139-cf38-4074-b949-b81e23089e2e","ts":1788205748565,"method":"GET","path":"/","backend":"http://localhost:9002"}
{"type":"finish","requestId":"f0085139-cf38-4074-b949-b81e23089e2e","ts":1788205748567,"status":200}
{"type":"start","requestId":"a1b3ceb0-4f77-40ce-9fdd-8fc462600209","ts":1788205748588,"method":"GET","path":"/","backend":"http://localhost:9001"}
{"type":"finish","requestId":"a1b3ceb0-4f77-40ce-9fdd-8fc462600209","ts":1788205748590,"status":200}
{"type":"start","requestId":"d5585d8a-ec30-4975-8bba-ab266696e596","ts":1788205748611,"method":"GET","path":"/","backend":"http://localhost:9002"}
{"type":"finish","requestId":"d5585d8a-ec30-4975-8bba-ab266696e596","ts":1788205748614,"status":200}
{"type":"start","requestId":"267928d4-9995-40a7-a07d-d3c10968781b","ts":1788205748636,"method":"GET","path":"/","backend":"http://localhost:9001"}
{"type":"finish","requestId":"267928d4-9995-40a7-a07d-d3c10968781b","ts":1788205748638,"status":200}
{"type":"start","requestId":"163375a6-2de8-4272-8a72-4c1f726bef9c","ts":1788205748657,"method":"GET","path":"/","backend":"http://localhost:9002"}
{"type":"finish","requestId":"163375a6-2de8-4272-8a72-4c1f726bef9c","ts":1788205748659,"status":200}
{"type":"start","requestId":"8972e4b0-8524-4cf2-9b3f-6c45e55585a7","ts":1788205748677,"method":"GET","path":"/","backend":"http://localhost:9001"}
{"type":"finish","requestId":"8972e4b0-8524-4cf2-9b3f-6c45e55585a7","ts":1788205748680,"status":200}
{"type":"start","requestId":"c04720f8-590c-4150-9a4e-9f40605b6da9","ts":1788205748699,"method":"GET","path":"/","backend":"http://localhost:9002"}
{"type":"finish","requestId":"c04720f8-590c-4150-9a4e-9f40605b6da9","ts":1788205748701,"status":200}
{"type":"start","requestId":"0af46cfe-33ee-4e32-90d6-890f6ba32fb8","ts":1788205748721,"method":"GET","path":"/","backend":"http://localhost:9001"}
{"type":"finish","requestId":"0af46cfe-33ee-4e32-90d6-890f6ba32fb8","ts":1788205748723,"status":200}
{"type":"start","requestId":"7d6e6e9e-1031-4b59-9cdc-8bd626524681","ts":1788205748747,"method":"GET","path":"/","backend":"http://localhost:9002"}
{"type":"finish","requestId":"7d6e6e9e-1031-4b59-9cdc-8bd626524681","ts":1788205748749,"status":200}
{"type":"start","requestId":"a435314a-1f95-439e-8929-5b538be42dc6","ts":1788205748772,"method":"GET","path":"/","backend":"http://localhost:9001"}
{"type":"finish","requestId":"a435314a-1f95-439e-8929-5b538be42dc6","ts":1788205748775,"status":200}
{"type":"start","requestId":"d201425d-4046-48cb-9225-7c126345da09","ts":1788205748792,"method":"GET","path":"/","backend":"http://localhost:9002"}
{"type":"finish","requestId":"d201425d-4046-48cb-9225-7c126345da09","ts":1788205748794,"status":200}
{"type":"start","requestId":"19c2a11d-a5af-42c0-8945-5903bb0264da","ts":1788205748817,"method":"GET","path":"/","backend":"http://localhost:9001"}
{"type":"finish","requestId":"19c2a11d-a5af-42c0-8945-5903bb0264da","ts":1788205748818,"status":200}
{"type":"start","requestId":"1720e8f5-0de8-47ae-bf89-ada1ae7c8627","ts":1788205748840,"method":"GET","path":"/","backend":"http://localhost:9002"}
{"type":"finish","requestId":"1720e8f5-0de8-47ae-bf89-ada1ae7c8627","ts":1788205748843,"status":200}
{"type":"start","requestId":"5e6f974c-4105-4297-8955-ef02b3569aa6","ts":1788205748862,"method":"GET","path":"/","backend":"http://localhost:9001"}
{"type":"finish","requestId":"5e6f974c-4105-4297-8955-ef02b3569aa6","ts":1788205748864,"status":200}
{"type":"start","requestId":"e01f07dc-4699-440f-a263-1f741c17618b","ts":1788205748886,"method":"GET","path":"/","backend":"http://localhost:9002"}
{"type":"finish","requestId":"e01f07dc-4699-440f-a263-1f741c17618b","ts":1788205748888,"status":200}
{"type":"start","requestId":"3ecdccad-61cd-4267-9d4b-c0294284914a","ts":1788205748910,"method":"GET","path":"/","backend":"http://localhost:9001"}
{"type":"finish","requestId":"3ecdccad-61cd-4267-9d4b-c0294284914a","ts":1788205748912,"status":200}
{"type":"start","requestId":"02c281b2-afaa-4bc6-87d3-8aa2936e5b35","ts":1788205748931,"method":"GET","path":"/","backend":"http://localhost:9002"}
{"type":"finish","requestId":"02c281b2-afaa-4bc6-87d3-8aa2936e5b35","ts":1788205748933,"status":200}
{"type":"start","requestId":"88b135fa-188a-441f-ad7b-e7d8927038b9","ts":1788205748951,"method":"GET","path":"/","backend":"http://localhost:9001"}
{"type":"finish","requestId":"88b135fa-188a-441f-ad7b-e7d8927038b9","ts":1788205748953,"status":200}
{"type":"start","requestId":"a98efac8-48af-45a9-8baa-97a913c72c30","ts":1788205748976,"method":"GET","path":"/","backend":"http://localhost:9002"}
{"type":"finish","requestId":"a98efac8-48af-45a9-8baa-97a913c72c30","ts":1788205748978,"status":200}
{"type":"start","requestId":"02ae4846-5887-4b4d-8619-0b523692289e","ts":1788205749001,"method":"GET","path":"/","backend":"http://localhost:9001"}
{"type":"finish","requestId":"02ae4846-5887-4b4d-8619-0b523692289e","ts":1788205749003,"status":200}
{"type":"start","requestId":"b01c65a6-5090-437d-b35d-bb8b5379f788","ts":1788205749019,"method":"GET","path":"/","backend":"http://localhost:9002"}
{"type":"finish","requestId":"b01c65a6-5090-437d-b35d-bb8b5379f788","ts":1788205749021,"status":200}
{"type":"start","requestId":"30dfdc6b-bc5a-42b1-8e58-a23932abda96","ts":1788205749041,"method":"GET","path":"/","backend":"http://localhost:9001"}
{"type":"finish","requestId":"30dfdc6b-bc5a-42b1-8e58-a23932abda96","ts":1788205749043,"status":200}
{"type":"start","requestId":"c8576090-c6b0-4dbe-99e1-32b63da84a6a","ts":1788205749061,"method":"GET","path":"/","backend":"http://localhost:9002"}
{"type":"finish","requestId":"c8576090-c6b0-4dbe-99e1-32b63da84a6a","ts":1788205749062,"status":200}
{"type":"start","requestId":"33b58aeb-6973-44bb-bfde-59442f07d9f4","ts":1788205749085,"method":"GET","path":"/","backend":"http://localhost:9001"}
{"type":"finish","requestId":"33b58aeb-6973-44bb-bfde-59442f07d9f4","ts":1788205749087,"status":200}
{"type":"start","requestId":"c0be7755-03f6-46bb-88fb-a8934585be91","ts":1788205749109,"method":"GET","path":"/","backend":"http://localhost:9002"}
{"type":"finish","requestId":"c0be7755-03f6-46bb-88fb-a8934585be91","ts":1788205749112,"status":200}
{"type":"start","requestId":"2e22caeb-11e1-4fe4-8d56-03813d1a85cb","ts":1788205749130,"method":"GET","path":"/","backend":"http://localhost:9001"}
{"type":"finish","requestId":"2e22caeb-11e1-4fe4-8d56-03813d1a85cb","ts":1788205749132,"status":200}
{"type":"start","requestId":"edd5c170-825c-49e0-b19d-6ae9f6e290a3","ts":1788205749155,"method":"GET","path":"/","backend":"http://localhost:9002"}
{"type":"finish","requestId":"edd5c170-825c-49e0-b19d-6ae9f6e290a3","ts":1788205749158,"status":200}
{"type":"start","requestId":"03dbd98e-5453-4479-a9b0-2cafec498d08","ts":1788205749179,"method":"GET","path":"/","backend":"http://localhost:9001"}
{"type":"finish","requestId":"03dbd98e-5453-4479-a9b0-2cafec498d08","ts":1788205749181,"status":200}
{"type":"start","requestId":"5a0972bb-4b8c-4900-9331-0d66a45f5ba8","ts":1788205749200,"method":"GET","path":"/","backend":"http://localhost:9002"}
{"type":"finish","requestId":"5a0972bb-4b8c-4900-9331-0d66a45f5ba8","ts":1788205749202,"status":200}
{"type":"start","requestId":"14fccd7f-acfa-4531-b75a-cb5b373cd45b","ts":1788205749227,"method":"GET","path":"/","backend":"http://localhost:9001"}
{"type":"finish","requestId":"14fccd7f-acfa-4531-b75a-cb5b373cd45b","ts":1788205749228,"status":200}
{"type":"start","requestId":"4cf1f553-763a-401d-8b58-8e2299e888e6","ts":1788205749249,"method":"GET","path":"/","backend":"http://localhost:9002"}
{"type":"finish","requestId":"4cf1f553-763a-401d-8b58-8e2299e888e6","ts":1788205749250,"status":200}
{"type":"start","requestId":"952ae78a-5811-4a75-b457-7342b22ffa03","ts":1788205749274,"method":"GET","path":"/","backend":"http://localhost:9001"}
{"type":"finish","requestId":"952ae78a-5811-4a75-b457-7342b22ffa03","ts":1788205749276,"status":200}
{"type":"start","requestId":"11b0334b-2ae1-4520-9372-18c04e320871","ts":1788205749303,"method":"GET","path":"/","backend":"http://localhost:9002"}
{"type":"finish","requestId":"11b0334b-2ae1-4520-9372-18c04e320871","ts":1788205749306,"status":200}
{"type":"start","requestId":"234b1cb2-909e-4801-8bac-639df8200494","ts":1788205749331,"method":"GET","path":"/","backend":"http://localhost:9001"}
{"type":"finish","requestId":"234b1cb2-909e-4801-8bac-639df8200494","ts":1788205749333,"status":200}
{"type":"start","requestId":"02658f95-7e1b-4eba-a5c6-6084515608e6","ts":1788205749355,"method":"GET","path":"/","backend":"http://localhost:9002"}
{"type":"finish","requestId":"02658f95-7e1b-4eba-a5c6-6084515608e6","ts":1788205749357,"status":200}
{"type":"start","requestId":"8b66f939-ede0-4633-98a4-b4ec55beaf93","ts":1788205749377,"method":"GET","path":"/","backend":"http://localhost:9001"}
{"type":"finish","requestId":"8b66f939-ede0-4633-98a4-b4ec55beaf93","ts":1788205749379,"status":200}
{"type":"start","requestId":"1a77263c-dce1-40d3-8ee2-509cd584317e","ts":1788205749400,"method":"GET","path":"/","backend":"http://localhost:9002"}
{"type":"finish","requestId":"1a77263c-dce1-40d3-8ee2-509cd584317e","ts":1788205749402,"status":200}
{"type":"start","requestId":"ad538bb9-21e2-4364-8fb9-70d73fd582ae","ts":1788205749432,"method":"GET","path":"/","backend":"http://localhost:9001"}
{"type":"finish","requestId":"ad538bb9-21e2-4364-8fb9-70d73fd582ae","ts":1788205749435,"status":200}
{"type":"start","requestId":"a7c7b425-e405-40d9-a0e4-59db95b859da","ts":1788205749458,"method":"GET","path":"/","backend":"http://localhost:9002"}
{"type":"finish","requestId":"a7c7b425-e405-40d9-a0e4-59db95b859da","ts":1788205749460,"status":200}
{"type":"start","requestId":"66c5f7dd-0518-44cf-af29-ab878dd97e4d","ts":1788205749483,"method":"GET","path":"/","backend":"http://localhost:9001"}
{"type":"finish","requestId":"66c5f7dd-0518-44cf-af29-ab878dd97e4d","ts":1788205749485,"status":200}
{"type":"start","requestId":"acaa33a6-0a5a-44d9-bf76-39a76fc4607c","ts":1788205749508,"method":"GET","path":"/","backend":"http://localhost:9002"}
{"type":"finish","requestId":"acaa33a6-0a5a-44d9-bf76-39a76fc4607c","ts":1788205749511,"status":200}
{"type":"start","requestId":"294c40bd-3104-4250-a706-f31dd0a08ad1","ts":1788205749533,"method":"GET","path":"/","backend":"http://localhost:9001"}
{"type":"finish","requestId":"294c40bd-3104-4250-a706-f31dd0a08ad1","ts":1788205749535,"status":200}
{"type":"start","requestId":"1217e402-6ca5-4eed-a3f7-e4d1c057b391","ts":1788205749557,"method":"GET","path":"/","backend":"http://localhost:9002"}
{"type":"finish","requestId":"1217e402-6ca5-4eed-a3f7-e4d1c057b391","ts":1788205749560,"status":200}
{"type":"start","requestId":"0377d5c7-53ee-4367-aec0-c51a9619a1b7","ts":1788205749581,"method":"GET","path":"/","backend":"http://localhost:9001"}
{"type":"finish","requestId":"0377d5c7-53ee-4367-aec0-c51a9619a1b7","ts":1788205749583,"status":200}
{"type":"start","requestId":"0890ae2a-786b-4a56-a059-9e583828945f","ts":1788205749604,"method":"GET","path":"/","backend":"http://localhost:9002"}
{"type":"finish","requestId":"0890ae2a-786b-4a56-a059-9e583828945f","ts":1788205749606,"status":200}
{"type":"start","requestId":"d8ad0ff5-2a10-496e-88a3-7084e3ca165c","ts":1788205749626,"method":"GET","path":"/","backend":"http://localhost:9001"}
{"type":"finish","requestId":"d8ad0ff5-2a10-496e-88a3-7084e3ca165c","ts":1788205749627,"status":200}
{"type":"start","requestId":"7b476472-f34d-4a53-9590-2d151cefee15","ts":1788205749643,"method":"GET","path":"/","backend":"http://localhost:9002"}
{"type":"finish","requestId":"7b476472-f34d-4a53-9590-2d151cefee15","ts":1788205749645,"status":200}
{"type":"start","requestId":"14e880cf-eb76-4f27-aaff-62c5e95bef14","ts":1788205749667,"method":"GET","path":"/","backend":"http://localhost:9001"}
{"type":"finish","requestId":"14e880cf-eb76-4f27-aaff-62c5e95bef14","ts":1788205749669,"status":200}
{"type":"start","requestId":"f3ce500c-2e25-41c3-abc5-775c46848366","ts":1788205749690,"method":"GET","path":"/","backend":"http://localhost:9002"}
{"type":"finish","requestId":"f3ce500c-2e25-41c3-abc5-775c46848366","ts":1788205749692,"status":200}
{"type":"start","requestId":"e45cbcb3-5a5f-4c5e-ae65-ef48ee39365c","ts":1788205749713,"method":"GET","path":"/","backend":"http://localhost:9001"}
{"type":"finish","requestId":"e45cbcb3-5a5f-4c5e-ae65-ef48ee39365c","ts":1788205749715,"status":200}
{"type":"start","requestId":"6d80de51-9325-473a-837a-d71383c609a5","ts":1788205749734,"method":"GET","path":"/","backend":"http://localhost:9002"}
{"type":"finish","requestId":"6d80de51-9325-473a-837a-d71383c609a5","ts":1788205749736,"status":200}
{"type":"start","requestId":"54b66c79-0f93-4477-9156-881b24c486cd","ts":1788205749761,"method":"GET","path":"/","backend":"http://localhost:9001"}
{"type":"finish","requestId":"54b66c79-0f93-4477-9156-881b24c486cd","ts":1788205749763,"status":200}
{"type":"start","requestId":"f977a761-a080-4df2-bb98-7e264558b298","ts":1788205749785,"method":"GET","path":"/","backend":"http://localhost:9002"}
{"type":"finish","requestId":"f977a761-a080-4df2-bb98-7e264558b298","ts":1788205749787,"status":200}
{"type":"start","requestId":"543e4e3d-cd85-45d6-80a9-ba8a166fbe33","ts":1788205749806,"method":"GET","path":"/","backend":"http://localhost:9001"}
{"type":"finish","requestId":"543e4e3d-cd85-45d6-80a9-ba8a166fbe33","ts":1788205749808,"status":200}
{"type":"start","requestId":"7a742a0e-2e7d-4c5a-977e-69ea03bd3e11","ts":1788205749828,"method":"GET","path":"/","backend":"http://localhost:9002"}
{"type":"finish","requestId":"7a742a0e-2e7d-4c5a-977e-69ea03bd3e11","ts":1788205749830,"status":200}
{"type":"start","requestId":"959bb271-a390-4504-890d-8420aae7d3b4","ts":1788205749852,"method":"GET","path":"/","backend":"http://localhost:9001"}
{"type":"finish","requestId":"959bb271-a390-4504-890d-8420aae7d3b4","ts":1788205749854,"status":200}
{"type":"start","requestId":"1348c51f-86ce-4dc7-a96f-e84bacabfa29","ts":1788205749873,"method":"GET","path":"/","backend":"http://localhost:9002"}
{"type":"finish","requestId":"1348c51f-86ce-4dc7-a96f-e84bacabfa29","ts":1788205749875,"status":200}
{"type":"start","requestId":"d57cbd03-a50e-4f48-88d7-5273ce0abf7e","ts":1788205749894,"method":"GET","path":"/","backend":"http://localhost:9001"}
{"type":"finish","requestId":"d57cbd03-a50e-4f48-88d7-5273ce0abf7e","ts":1788205749896,"status":200}
{"type":"start","requestId":"465f53ec-9c54-4f7b-8d39-c97b1fbfb62b","ts":1788205749915,"method":"GET","path":"/","backend":"http://localhost:9002"}
{"type":"finish","requestId":"465f53ec-9c54-4f7b-8d39-c97b1fbfb62b","ts":1788205749917,"status":200}
{"type":"start","requestId":"42b3b0d2-d365-40dc-b0fb-3c62cd8cd4d3","ts":1788205749937,"method":"GET","path":"/","backend":"http://localhost:9001"}
{"type":"finish","requestId":"42b3b0d2-d365-40dc-b0fb-3c62cd8cd4d3","ts":1788205749939,"status":200}
{"type":"start","requestId":"1e531e7d-30d5-42bf-83ef-0172c68d18a7","ts":1788205749959,"method":"GET","path":"/","backend":"http://localhost:9002"}
{"type":"finish","requestId":"1e531e7d-30d5-42bf-83ef-0172c68d18a7","ts":1788205749961,"status":200}
{"type":"start","requestId":"1838ced9-3b01-455d-a17f-c3ff5d7f4d85","ts":1788205749982,"method":"GET","path":"/","backend":"http://localhost:9001"}
{"type":"finish","requestId":"1838ced9-3b01-455d-a17f-c3ff5d7f4d85","ts":1788205749984,"status":200}
{"type":"start","requestId":"4475635c-42a2-409e-8287-ff4905e59575","ts":1788205750003,"method":"GET","path":"/","backend":"http://localhost:9002"}
{"type":"finish","requestId":"4475635c-42a2-409e-8287-ff4905e59575","ts":1788205750006,"status":200}
{"type":"start","requestId":"9deb3e5d-5659-42a4-97ed-3cbb7cc59b0e","ts":1788205750030,"method":"GET","path":"/","backend":"http://localhost:9001"}
{"type":"finish","requestId":"9deb3e5d-5659-42a4-97ed-3cbb7cc59b0e","ts":1788205750031,"status":200}
{"type":"start","requestId":"83052600-effb-48ab-b900-8c5daaa51a09","ts":1788205750052,"method":"GET","path":"/","backend":"http://localhost:9002"}
{"type":"finish","requestId":"83052600-effb-48ab-b900-8c5daaa51a09","ts":1788205750054,"status":200}
{"type":"start","requestId":"e3471083-c0e1-4bd0-9c6c-168342bc7bdf","ts":1788205759030,"method":"GET","path":"/","backend":"http://localhost:9001"}
{"type":"finish","requestId":"e3471083-c0e1-4bd0-9c6c-168342bc7bdf","ts":1788205759032,"status":200}
{"type":"start","requestId":"4d79ce55-3729-4817-831c-6b60880eba76","ts":1788205759054,"method":"GET","path":"/","backend":"http://localhost:9002"}
{"type":"finish","requestId":"4d79ce55-3729-4817-831c-6b60880eba76","ts":1788205759057,"status":200}
{"type":"start","requestId":"b047142a-3823-4b6e-b7d2-7a6d8b251d66","ts":1788205759084,"method":"GET","path":"/","backend":"http://localhost:9001"}
{"type":"finish","requestId":"b047142a-3823-4b6e-b7d2-7a6d8b251d66","ts":1788205759086,"status":200}
{"type":"start","requestId":"dc7d237e-b4fb-4269-b73b-9905f392233b","ts":1788205759104,"method":"GET","path":"/","backend":"http://localhost:9002"}
{"type":"finish","requestId":"dc7d237e-b4fb-4269-b73b-9905f392233b","ts":1788205759106,"status":200}
{"type":"start","requestId":"81d15ff7-ea4a-4ec6-ab54-8aedac618d7c","ts":1788205759126,"method":"GET","path":"/","backend":"http://localhost:9001"}
{"type":"finish","requestId":"81d15ff7-ea4a-4ec6-ab54-8aedac618d7c","ts":1788205759128,"status":200}
{"type":"start","requestId":"500ec262-93c4-48b4-9d0b-ddac4c830c09","ts":1788205759148,"method":"GET","path":"/","backend":"http://localhost:9002"}
{"type":"finish","requestId":"500ec262-93c4-48b4-9d0b-ddac4c830c09","ts":1788205759150,"status":200}
{"type":"start","requestId":"13d60aa5-3e45-4be1-bfb1-0cbc28af9021","ts":1788205759169,"method":"GET","path":"/","backend":"http://localhost:9001"}
{"type":"finish","requestId":"13d60aa5-3e45-4be1-bfb1-0cbc28af9021","ts":1788205759171,"status":200}
{"type":"start","requestId":"bae37ea9-3025-4f95-b827-a55407d149a5","ts":1788205759190,"method":"GET","path":"/","backend":"http://localhost:9002"}
{"type":"finish","requestId":"bae37ea9-3025-4f95-b827-a55407d149a5","ts":1788205759191,"status":200}
{"type":"start","requestId":"b8bdca6d-290f-4c07-91a2-e6b861472b37","ts":1788205759213,"method":"GET","path":"/","backend":"http://localhost:9001"}
{"type":"finish","requestId":"b8bdca6d-290f-4c07-91a2-e6b861472b37","ts":1788205759214,"status":200}
{"type":"start","requestId":"525c842a-bc73-4130-b6a8-b7395d174c97","ts":1788205759234,"method":"GET","path":"/","backend":"http://localhost:9002"}
{"type":"finish","requestId":"525c842a-bc73-4130-b6a8-b7395d174c97","ts":1788205759236,"status":200}
{"type":"start","requestId":"fa28def7-79e9-4071-ab7a-54cdcaee4eaf","ts":1788205759255,"method":"GET","path":"/","backend":"http://localhost:9001"}
{"type":"finish","requestId":"fa28def7-79e9-4071-ab7a-54cdcaee4eaf","ts":1788205759257,"status":200}
{"type":"start","requestId":"82456a7b-d56b-4a1a-8744-cff256e16adc","ts":1788205759277,"method":"GET","path":"/","backend":"http://localhost:9002"}
{"type":"finish","requestId":"82456a7b-d56b-4a1a-8744-cff256e16adc","ts":1788205759279,"status":200}
{"type":"start","requestId":"23974b04-0c89-4fe3-8c0a-1972b2251d57","ts":1788205759304,"method":"GET","path":"/","backend":"http://localhost:9001"}
{"type":"finish","requestId":"23974b04-0c89-4fe3-8c0a-1972b2251d57","ts":1788205759306,"status":200}
{"type":"start","requestId":"72bdba2f-ba4f-4fde-93e8-ba60e9f16dfd","ts":1788205759326,"method":"GET","path":"/","backend":"http://localhost:9002"}
{"type":"finish","requestId":"72bdba2f-ba4f-4fde-93e8-ba60e9f16dfd","ts":1788205759328,"status":200}
{"type":"start","requestId":"faac7381-7ea0-4d91-a97e-650becb61668","ts":1788205759350,"method":"GET","path":"/","backend":"http://localhost:9001"}
{"type":"finish","requestId":"faac7381-7ea0-4d91-a97e-650becb61668","ts":1788205759352,"status":200}
{"type":"start","requestId":"32927a9a-344e-4955-8b0f-e3bcf0ea46c6","ts":1788205759369,"method":"GET","path":"/","backend":"http://localhost:9002"}
{"type":"finish","requestId":"32927a9a-344e-4955-8b0f-e3bcf0ea46c6","ts":1788205759370,"status":200}
{"type":"start","requestId":"dfdcd4ae-d0f3-4afe-ba11-0d4ea7505a94","ts":1788205759389,"method":"GET","path":"/","backend":"http://localhost:9001"}
{"type":"finish","requestId":"dfdcd4ae-d0f3-4afe-ba11-0d4ea7505a94","ts":1788205759391,"status":200}
{"type":"start","requestId":"791cc797-df8e-4a0c-ba64-8892c5c704ac","ts":1788205759412,"method":"GET","path":"/","backend":"http://localhost:9002"}
{"type":"finish","requestId":"791cc797-df8e-4a0c-ba64-8892c5c704ac","ts":1788205759414,"status":200}
{"type":"start","requestId":"bb8024d3-b507-4c5b-9ad8-9f486e7083af","ts":1788205759434,"method":"GET","path":"/","backend":"http://localhost:9001"}
{"type":"finish","requestId":"bb8024d3-b507-4c5b-9ad8-9f486e7083af","ts":1788205759435,"status":200}
{"type":"start","requestId":"7050539d-56da-44b3-b952-7db62a8ef933","ts":1788205759803,"method":"GET","path":"/","backend":"http://localhost:9002"}
{"type":"finish","requestId":"7050539d-56da-44b3-b952-7db62a8ef933","ts":1788205759805,"status":200}
{"type":"start","requestId":"fb8cc615-7aec-49bf-99ad-cd2baa9b5b7f","ts":1788205760410,"method":"GET","path":"/","backend":"http://localhost:9001"}
{"type":"finish","requestId":"fb8cc615-7aec-49bf-99ad-cd2baa9b5b7f","ts":1788205760412,"status":200}
{"type":"start","requestId":"e2e2600f-ef82-4207-90f9-ef9b511076fa","ts":1788205761016,"method":"GET","path":"/","backend":"http://localhost:9002"}
{"type":"finish","requestId":"e2e2600f-ef82-4207-90f9-ef9b511076fa","ts":1788205761018,"status":200}
{"type":"start","requestId":"72eaee2f-017b-4fdd-be30-b90f040133d1","ts":1788205761604,"method":"GET","path":"/","backend":"http://localhost:9001"}
{"type":"finish","requestId":"72eaee2f-017b-4fdd-be30-b90f040133d1","ts":1788205761605,"status":200}
{"type":"start","requestId":"f42c7f30-8e22-4643-895a-5a8ae2d97056","ts":1788205762209,"method":"GET","path":"/","backend":"http://localhost:9002"}
{"type":"finish","requestId":"f42c7f30-8e22-4643-895a-5a8ae2d97056","ts":1788205762211,"status":200}
{"type":"start","requestId":"cbea1e11-7b2c-4917-bc56-7e0c596715d8","ts":1788205762800,"method":"GET","path":"/","backend":"http://localhost:9001"}
{"type":"finish","requestId":"cbea1e11-7b2c-4917-bc56-7e0c596715d8","ts":1788205762802,"status":200}
{"type":"start","requestId":"6a2092b4-3dec-4a55-b9f2-d3ad5f6e9a1c","ts":1788205882615,"method":"GET","path":"/api","backend":"http://localhost:9001"}
{"type":"finish","requestId":"6a2092b4-3dec-4a55-b9f2-d3ad5f6e9a1c","ts":1788205882621,"status":200}
{"type":"start","requestId":"c1474120-4e0d-43a7-b8c6-5d33a956e018","ts":1788205903315,"method":"GET","path":"/","backend":"http://localhost:9002"}
{"type":"finish","requestId":"c1474120-4e0d-43a7-b8c6-5d33a956e018","ts":1788205903319,"status":200}
{"type":"start","requestId":"b1c463c4-a6ef-4832-9540-1d8800ad953f","ts":1788205903339,"method":"GET","path":"/","backend":"http://localhost:9001"}
{"type":"finish","requestId":"b1c463c4-a6ef-4832-9540-1d8800ad953f","ts":1788205903342,"status":200}
{"type":"start","requestId":"8e2c206c-1d3f-45ad-9577-8f8b3b19a657","ts":1788205903365,"method":"GET","path":"/","backend":"http://localhost:9002"}
{"type":"finish","requestId":"8e2c206c-1d3f-45ad-9577-8f8b3b19a657","ts":1788205903367,"status":200}
{"type":"start","requestId":"6b526269-0b6b-4c3f-bcea-fd67f61748f5","ts":1788205903389,"method":"GET","path":"/","backend":"http://localhost:9001"}
{"type":"finish","requestId":"6b526269-0b6b-4c3f-bcea-fd67f61748f5","ts":1788205903390,"status":200}
{"type":"start","requestId":"3174892e-1dc4-4895-8c6d-931df43c6207","ts":1788205903415,"method":"GET","path":"/","backend":"http://localhost:9002"}
{"type":"finish","requestId":"3174892e-1dc4-4895-8c6d-931df43c6207","ts":1788205903416,"status":200}
{"type":"start","requestId":"e722fcf4-acb5-457a-912b-78ec3355fb09","ts":1788205903436,"method":"GET","path":"/","backend":"http://localhost:9001"}
{"type":"finish","requestId":"e722fcf4-acb5-457a-912b-78ec3355fb09","ts":1788205903437,"status":200}
{"type":"start","requestId":"75f1bfef-f009-4646-9897-d55a2fa07988","ts":1788205903459,"method":"GET","path":"/","backend":"http://localhost:9002"}
{"type":"finish","requestId":"75f1bfef-f009-4646-9897-d55a2fa07988","ts":1788205903461,"status":200}
{"type":"start","requestId":"62bed033-dd13-449d-8756-7a0cb8eb4889","ts":1788205903482,"method":"GET","path":"/","backend":"http://localhost:9001"}
{"type":"finish","requestId":"62bed033-dd13-449d-8756-7a0cb8eb4889","ts":1788205903484,"status":200}
{"type":"start","requestId":"c55e8997-bdcd-473d-8094-5bf4374da8a3","ts":1788205903499,"method":"GET","path":"/","backend":"http://localhost:9002"}
{"type":"finish","requestId":"c55e8997-bdcd-473d-8094-5bf4374da8a3","ts":1788205903501,"status":200}
{"type":"start","requestId":"abadcfbe-f1fa-41be-ba6c-7bfc81318768","ts":1788205903518,"method":"GET","path":"/","backend":"http://localhost:9001"}
{"type":"finish","requestId":"abadcfbe-f1fa-41be-ba6c-7bfc81318768","ts":1788205903520,"status":200}
{"type":"start","requestId":"c9de09de-6a9d-4b9e-837b-400b52df8ec1","ts":1788205903532,"method":"GET","path":"/","backend":"http://localhost:9002"}
{"type":"finish","requestId":"c9de09de-6a9d-4b9e-837b-400b52df8ec1","ts":1788205903534,"status":200}
{"type":"start","requestId":"b2b91093-fb04-45d6-9a17-a8b3854787d6","ts":1788205903554,"method":"GET","path":"/","backend":"http://localhost:9001"}
{"type":"finish","requestId":"b2b91093-fb04-45d6-9a17-a8b3854787d6","ts":1788205903556,"status":200}
{"type":"start","requestId":"ccf3e1cd-9b54-45a4-b57f-19c284fb2e91","ts":1788205903572,"method":"GET","path":"/","backend":"http://localhost:9002"}
{"type":"finish","requestId":"ccf3e1cd-9b54-45a4-b57f-19c284fb2e91","ts":1788205903574,"status":200}
{"type":"start","requestId":"6db7d066-f222-4631-b8ae-0c4deb3212e7","ts":1788205903589,"method":"GET","path":"/","backend":"http://localhost:9001"}
{"type":"finish","requestId":"6db7d066-f222-4631-b8ae-0c4deb3212e7","ts":1788205903591,"status":200}
{"type":"start","requestId":"7d4f5b03-9b0c-428c-b97a-bbf205da27cb","ts":1788205903606,"method":"GET","path":"/","backend":"http://localhost:9002"}
{"type":"finish","requestId":"7d4f5b03-9b0c-428c-b97a-bbf205da27cb","ts":1788205903608,"status":200}
{"type":"start","requestId":"e5c5b22e-47ea-4eeb-b3c6-c7b706273ef4","ts":1788205903624,"method":"GET","path":"/","backend":"http://localhost:9001"}
{"type":"finish","requestId":"e5c5b22e-47ea-4eeb-b3c6-c7b706273ef4","ts":1788205903626,"status":200}
{"type":"start","requestId":"79099076-4066-4517-9625-a277022642a6","ts":1788205903641,"method":"GET","path":"/","backend":"http://localhost:9002"}
{"type":"finish","requestId":"79099076-4066-4517-9625-a277022642a6","ts":1788205903643,"status":200}
{"type":"start","requestId":"67d3de8a-2b76-4e9d-b79d-ec1ba0750a3e","ts":1788205903656,"method":"GET","path":"/","backend":"http://localhost:9001"}
{"type":"finish","requestId":"67d3de8a-2b76-4e9d-b79d-ec1ba0750a3e","ts":1788205903657,"status":200}
{"type":"start","requestId":"ce1998b9-cde4-4c2d-afa0-7fa736431c81","ts":1788205903669,"method":"GET","path":"/","backend":"http://localhost:9002"}
{"type":"finish","requestId":"ce1998b9-cde4-4c2d-afa0-7fa736431c81","ts":1788205903671,"status":200}
{"type":"start","requestId":"b73aa671-9652-4617-871d-05bc91a44456","ts":1788205903685,"method":"GET","path":"/","backend":"http://localhost:9001"}
{"type":"finish","requestId":"b73aa671-9652-4617-871d-05bc91a44456","ts":1788205903686,"status":200}
{"type":"start","requestId":"3c51e41e-6867-46c3-9bfc-d51c5835b817","ts":1788205903702,"method":"GET","path":"/","backend":"http://localhost:9002"}
{"type":"finish","requestId":"3c51e41e-6867-46c3-9bfc-d51c5835b817","ts":1788205903703,"status":200}
{"type":"start","requestId":"1824d599-2af5-44ff-84a0-fb88b7ee8297","ts":1788205903717,"method":"GET","path":"/","backend":"http://localhost:9001"}
{"type":"finish","requestId":"1824d599-2af5-44ff-84a0-fb88b7ee8297","ts":1788205903719,"status":200}
{"type":"start","requestId":"18ce34aa-6cd5-46e5-bb20-d2a8f16b8712","ts":1788205903736,"method":"GET","path":"/","backend":"http://localhost:9002"}
{"type":"finish","requestId":"18ce34aa-6cd5-46e5-bb20-d2a8f16b8712","ts":1788205903737,"status":200}
{"type":"start","requestId":"ac590787-9724-4065-8c6c-57906afd8cb3","ts":1788205903754,"method":"GET","path":"/","backend":"http://localhost:9001"}
{"type":"finish","requestId":"ac590787-9724-4065-8c6c-57906afd8cb3","ts":1788205903756,"status":200}
{"type":"start","requestId":"7767d7f3-2c76-4e99-b384-43a69b9bff28","ts":1788205903774,"method":"GET","path":"/","backend":"http://localhost:9002"}
{"type":"finish","requestId":"7767d7f3-2c76-4e99-b384-43a69b9bff28","ts":1788205903776,"status":200}
{"type":"start","requestId":"04fa112d-9b07-4c1d-9d20-36836ab47410","ts":1788205903799,"method":"GET","path":"/","backend":"http://localhost:9001"}
{"type":"finish","requestId":"04fa112d-9b07-4c1d-9d20-36836ab47410","ts":1788205903801,"status":200}
{"type":"start","requestId":"5d61a518-4433-49a9-9a31-25446d7abaed","ts":1788205903818,"method":"GET","path":"/","backend":"http://localhost:9002"}
{"type":"finish","requestId":"5d61a518-4433-49a9-9a31-25446d7abaed","ts":1788205903820,"status":200}
{"type":"start","requestId":"2f5d42b7-abb1-427e-addb-ccea78d31a38","ts":1788205903836,"method":"GET","path":"/","backend":"http://localhost:9001"}
{"type":"finish","requestId":"2f5d42b7-abb1-427e-addb-ccea78d31a38","ts":1788205903838,"status":200}
{"type":"start","requestId":"76a19b89-74fb-46b2-8e6e-e813538a606d","ts":1788205903853,"method":"GET","path":"/","backend":"http://localhost:9002"}
{"type":"finish","requestId":"76a19b89-74fb-46b2-8e6e-e813538a606d","ts":1788205903855,"status":200}
{"type":"start","requestId":"c0dd23ff-bb9c-40a1-b7d3-a6c4928df6d7","ts":1788205903878,"method":"GET","path":"/","backend":"http://localhost:9001"}
{"type":"finish","requestId":"c0dd23ff-bb9c-40a1-b7d3-a6c4928df6d7","ts":1788205903880,"status":200}
{"type":"start","requestId":"40123de2-53d3-4ab7-bf05-9c5100b08e53","ts":1788205903900,"method":"GET","path":"/","backend":"http://localhost:9002"}
{"type":"finish","requestId":"40123de2-53d3-4ab7-bf05-9c5100b08e53","ts":1788205903902,"status":200}
{"type":"start","requestId":"215433bd-6d6c-41e6-b796-e6f9163a85b0","ts":1788205903920,"method":"GET","path":"/","backend":"http://localhost:9001"}
{"type":"finish","requestId":"215433bd-6d6c-41e6-b796-e6f9163a85b0","ts":1788205903922,"status":200}
{"type":"start","requestId":"9d1b296e-cccc-474c-9cbf-e6a65abfaad3","ts":1788205903940,"method":"GET","path":"/","backend":"http://localhost:9002"}
{"type":"finish","requestId":"9d1b296e-cccc-474c-9cbf-e6a65abfaad3","ts":1788205903942,"status":200}
{"type":"start","requestId":"eaf8c43e-6b40-4b7b-88b8-59b54fb9ea28","ts":1788205903966,"method":"GET","path":"/","backend":"http://localhost:9001"}
{"type":"finish","requestId":"eaf8c43e-6b40-4b7b-88b8-59b54fb9ea28","ts":1788205903968,"status":200}
{"type":"start","requestId":"544e2850-8c1e-4234-98fe-e842dc4c0e8e","ts":1788205903987,"method":"GET","path":"/","backend":"http://localhost:9002"}
{"type":"finish","requestId":"544e2850-8c1e-4234-98fe-e842dc4c0e8e","ts":1788205903988,"status":200}
{"type":"start","requestId":"19a0ab39-a865-4f50-995b-94f2c0f2c76d","ts":1788205904011,"method":"GET","path":"/","backend":"http://localhost:9001"}
{"type":"finish","requestId":"19a0ab39-a865-4f50-995b-94f2c0f2c76d","ts":1788205904013,"status":200}
{"type":"start","requestId":"99620e3a-0de6-49b4-8599-5849815764c9","ts":1788205904034,"method":"GET","path":"/","backend":"http://localhost:9002"}
{"type":"finish","requestId":"99620e3a-0de6-49b4-8599-5849815764c9","ts":1788205904036,"status":200}
{"type":"start","requestId":"40f8e252-50e8-46e5-836c-32f436bd1750","ts":1788205904055,"method":"GET","path":"/","backend":"http://localhost:9001"}
{"type":"finish","requestId":"40f8e252-50e8-46e5-836c-32f436bd1750","ts":1788205904057,"status":200}
{"type":"start","requestId":"d5f462bf-d0b6-4b0d-b37d-864666e78a5b","ts":1788205904078,"method":"GET","path":"/","backend":"http://localhost:9002"}
{"type":"finish","requestId":"d5f462bf-d0b6-4b0d-b37d-864666e78a5b","ts":1788205904080,"status":200}
{"type":"start","requestId":"76fd101a-92e5-4233-aa12-9319ff96ae6e","ts":1788205904103,"method":"GET","path":"/","backend":"http://localhost:9001"}
{"type":"finish","requestId":"76fd101a-92e5-4233-aa12-9319ff96ae6e","ts":1788205904105,"status":200}
{"type":"start","requestId":"f0308a7d-2b90-41fd-9e67-bebf035731d2","ts":1788205904125,"method":"GET","path":"/","backend":"http://localhost:9002"}
{"type":"finish","requestId":"f0308a7d-2b90-41fd-9e67-bebf035731d2","ts":1788205904127,"status":200}
{"type":"start","requestId":"5174da75-1df6-435e-8ec0-5af325e8c246","ts":1788205904146,"method":"GET","path":"/","backend":"http://localhost:9001"}
{"type":"finish","requestId":"5174da75-1df6-435e-8ec0-5af325e8c246","ts":1788205904148,"status":200}
{"type":"start","requestId":"7c01deb5-3696-403c-bbb8-06d0d82a2bce","ts":1788205904169,"method":"GET","path":"/","backend":"http://localhost:9002"}
{"type":"finish","requestId":"7c01deb5-3696-403c-bbb8-06d0d82a2bce","ts":1788205904171,"status":200}
{"type":"start","requestId":"6c54e8e4-3b37-4a6a-b4e5-3fc74db25d90","ts":1788205904190,"method":"GET","path":"/","backend":"http://localhost:9001"}
{"type":"finish","requestId":"6c54e8e4-3b37-4a6a-b4e5-3fc74db25d90","ts":1788205904192,"status":200}
{"type":"start","requestId":"22ccf110-6f36-49c3-8764-dcfe426ee0d0","ts":1788205904215,"method":"GET","path":"/","backend":"http://localhost:9002"}
{"type":"finish","requestId":"22ccf110-6f36-49c3-8764-dcfe426ee0d0","ts":1788205904217,"status":200}
{"type":"start","requestId":"adf601af-a648-4f11-844f-e845532f75ce","ts":1788205904237,"method":"GET","path":"/","backend":"http://localhost:9001"}
{"type":"finish","requestId":"adf601af-a648-4f11-844f-e845532f75ce","ts":1788205904239,"status":200}
{"type":"start","requestId":"f8ccf723-16cb-4589-8a86-1dda76c3705f","ts":1788205904265,"method":"GET","path":"/","backend":"http://localhost:9002"}
{"type":"finish","requestId":"f8ccf723-16cb-4589-8a86-1dda76c3705f","ts":1788205904267,"status":200}
{"type":"start","requestId":"1265e958-f00f-4f56-848d-5e38a01c3731","ts":1788205904286,"method":"GET","path":"/","backend":"http://localhost:9001"}
{"type":"finish","requestId":"1265e958-f00f-4f56-848d-5e38a01c3731","ts":1788205904287,"status":200}
{"type":"start","requestId":"df7f6711-aa70-45bf-8bba-03b602b27773","ts":1788205904308,"method":"GET","path":"/","backend":"http://localhost:9002"}
{"type":"finish","requestId":"df7f6711-aa70-45bf-8bba-03b602b27773","ts":1788205904310,"status":200}
{"type":"start","requestId":"3b37d72a-643d-46cb-a76c-92bf9df2991f","ts":1788205904328,"method":"GET","path":"/","backend":"http://localhost:9001"}
{"type":"finish","requestId":"3b37d72a-643d-46cb-a76c-92bf9df2991f","ts":1788205904330,"status":200}
{"type":"start","requestId":"64d53e37-2ec8-4445-a0cf-675e02ac26f9","ts":1788205904350,"method":"GET","path":"/","backend":"http://localhost:9002"}
{"type":"finish","requestId":"64d53e37-2ec8-4445-a0cf-675e02ac26f9","ts":1788205904352,"status":200}
{"type":"start","requestId":"dcb80e24-ac2d-4383-84b6-12a820dfbf46","ts":1788205904374,"method":"GET","path":"/","backend":"http://localhost:9001"}
{"type":"finish","requestId":"dcb80e24-ac2d-4383-84b6-12a820dfbf46","ts":1788205904376,"status":200}
{"type":"start","requestId":"ed251bb1-6eb3-4f2e-a2ed-3a4720df7128","ts":1788205904398,"method":"GET","path":"/","backend":"http://localhost:9002"}
{"type":"finish","requestId":"ed251bb1-6eb3-4f2e-a2ed-3a4720df7128","ts":1788205904399,"status":200}
{"type":"start","requestId":"f7321ada-5f3e-498e-a5ab-7a2e6db8d787","ts":1788205904418,"method":"GET","path":"/","backend":"http://localhost:9001"}
{"type":"finish","requestId":"f7321ada-5f3e-498e-a5ab-7a2e6db8d787","ts":1788205904420,"status":200}
{"type":"start","requestId":"3fb3ebf6-3b24-4ed2-86eb-8859a31fab4d","ts":1788205904440,"method":"GET","path":"/","backend":"http://localhost:9002"}
{"type":"finish","requestId":"3fb3ebf6-3b24-4ed2-86eb-8859a31fab4d","ts":1788205904442,"status":200}
{"type":"start","requestId":"141dbd01-fa09-46bf-a2e3-fd6561ffd42b","ts":1788205904466,"method":"GET","path":"/","backend":"http://localhost:9001"}
{"type":"finish","requestId":"141dbd01-fa09-46bf-a2e3-fd6561ffd42b","ts":1788205904467,"status":200}
{"type":"start","requestId":"2685c0c7-53b7-4243-a300-5c9ea3a599b8","ts":1788205904485,"method":"GET","path":"/","backend":"http://localhost:9002"}
{"type":"finish","requestId":"2685c0c7-53b7-4243-a300-5c9ea3a599b8","ts":1788205904487,"status":200}
{"type":"start","requestId":"55e5aa3c-8fc1-45ef-b970-30426503ef4a","ts":1788205904508,"method":"GET","path":"/","backend":"http://localhost:9001"}
{"type":"finish","requestId":"55e5aa3c-8fc1-45ef-b970-30426503ef4a","ts":1788205904511,"status":200}
{"type":"start","requestId":"c1332216-df27-4b23-a2c9-34a6aa306796","ts":1788205904533,"method":"GET","path":"/","backend":"http://localhost:9002"}
{"type":"finish","requestId":"c1332216-df27-4b23-a2c9-34a6aa306796","ts":1788205904535,"status":200}
{"type":"start","requestId":"52a19971-4083-47f7-8bc7-1864af172331","ts":1788205904555,"method":"GET","path":"/","backend":"http://localhost:9001"}
{"type":"finish","requestId":"52a19971-4083-47f7-8bc7-1864af172331","ts":1788205904557,"status":200}
{"type":"start","requestId":"e0234d3c-5e58-43ca-b4b3-aac061452c9c","ts":1788205904579,"method":"GET","path":"/","backend":"http://localhost:9002"}
{"type":"finish","requestId":"e0234d3c-5e58-43ca-b4b3-aac061452c9c","ts":1788205904581,"status":200}
{"type":"start","requestId":"911551ad-2e34-4303-846d-047a7dad0e25","ts":1788205904603,"method":"GET","path":"/","backend":"http://localhost:9001"}
{"type":"finish","requestId":"911551ad-2e34-4303-846d-047a7dad0e25","ts":1788205904604,"status":200}
{"type":"start","requestId":"511c93ad-da86-4fe8-9ce1-be72ba0bf90c","ts":1788205904623,"method":"GET","path":"/","backend":"http://localhost:9002"}
{"type":"finish","requestId":"511c93ad-da86-4fe8-9ce1-be72ba0bf90c","ts":1788205904625,"status":200}
{"type":"start","requestId":"f924b450-d796-4387-8e58-8eb970011960","ts":1788205904647,"method":"GET","path":"/","backend":"http://localhost:9001"}
{"type":"finish","requestId":"f924b450-d796-4387-8e58-8eb970011960","ts":1788205904648,"status":200}
{"type":"start","requestId":"f602284e-72de-4866-8b67-cae82fd9919c","ts":1788205904666,"method":"GET","path":"/","backend":"http://localhost:9002"}
{"type":"finish","requestId":"f602284e-72de-4866-8b67-cae82fd9919c","ts":1788205904668,"status":200}
{"type":"start","requestId":"cb46fce1-5ed6-490d-ae83-7db078b3672f","ts":1788205904684,"method":"GET","path":"/","backend":"http://localhost:9001"}
{"type":"finish","requestId":"cb46fce1-5ed6-490d-ae83-7db078b3672f","ts":1788205904685,"status":200}
{"type":"start","requestId":"fd2e1499-0691-48a2-88d6-4cf9f4be6d10","ts":1788205904706,"method":"GET","path":"/","backend":"http://localhost:9002"}
{"type":"finish","requestId":"fd2e1499-0691-48a2-88d6-4cf9f4be6d10","ts":1788205904708,"status":200}
{"type":"start","requestId":"fd749607-812c-4d84-aae5-7e20186cdc60","ts":1788205904731,"method":"GET","path":"/","backend":"http://localhost:9001"}
{"type":"finish","requestId":"fd749607-812c-4d84-aae5-7e20186cdc60","ts":1788205904732,"status":200}
{"type":"start","requestId":"93af148f-f5cc-4566-9549-513e4335f78b","ts":1788205904750,"method":"GET","path":"/","backend":"http://localhost:9002"}
{"type":"finish","requestId":"93af148f-f5cc-4566-9549-513e4335f78b","ts":1788205904752,"status":200}
{"type":"start","requestId":"d1e636eb-2fa7-4bc8-aac6-f03bca101df8","ts":1788205904770,"method":"GET","path":"/","backend":"http://localhost:9001"}
{"type":"finish","requestId":"d1e636eb-2fa7-4bc8-aac6-f03bca101df8","ts":1788205904772,"status":200}
{"type":"start","requestId":"99f81756-5086-4110-a6d3-cf8e2f6f6954","ts":1788205904794,"method":"GET","path":"/","backend":"http://localhost:9002"}
{"type":"finish","requestId":"99f81756-5086-4110-a6d3-cf8e2f6f6954","ts":1788205904796,"status":200}
{"type":"start","requestId":"da66f1eb-c399-46c0-a14c-177e006e9f41","ts":1788205904816,"method":"GET","path":"/","backend":"http://localhost:9001"}
{"type":"finish","requestId":"da66f1eb-c399-46c0-a14c-177e006e9f41","ts":1788205904818,"status":200}
{"type":"start","requestId":"09adbd50-7939-4dda-a8ff-34378a89d710","ts":1788205904833,"method":"GET","path":"/","backend":"http://localhost:9002"}
{"type":"finish","requestId":"09adbd50-7939-4dda-a8ff-34378a89d710","ts":1788205904835,"status":200}
{"type":"start","requestId":"a3fcb8ea-306f-4016-bff4-d10b74016fdc","ts":1788205904859,"method":"GET","path":"/","backend":"http://localhost:9001"}
{"type":"finish","requestId":"a3fcb8ea-306f-4016-bff4-d10b74016fdc","ts":1788205904861,"status":200}
{"type":"start","requestId":"01e20da5-49bd-40e2-ba7b-aeeb700f2709","ts":1788205904880,"method":"GET","path":"/","backend":"http://localhost:9002"}
{"type":"finish","requestId":"01e20da5-49bd-40e2-ba7b-aeeb700f2709","ts":1788205904882,"status":200}
{"type":"start","requestId":"fa1e1f0e-a7d0-4421-bada-2ebbee01a5d8","ts":1788205904899,"method":"GET","path":"/","backend":"http://localhost:9001"}
{"type":"finish","requestId":"fa1e1f0e-a7d0-4421-bada-2ebbee01a5d8","ts":1788205904900,"status":200}
{"type":"start","requestId":"d9e71c31-1df5-42c2-b917-e18fb7e06e22","ts":1788205904922,"method":"GET","path":"/","backend":"http://localhost:9002"}
{"type":"finish","requestId":"d9e71c31-1df5-42c2-b917-e18fb7e06e22","ts":1788205904923,"status":200}
{"type":"start","requestId":"606db98e-35a5-4931-9fd0-69e69b564f9a","ts":1788205904946,"method":"GET","path":"/","backend":"http://localhost:9001"}
{"type":"finish","requestId":"606db98e-35a5-4931-9fd0-69e69b564f9a","ts":1788205904948,"status":200}
{"type":"start","requestId":"34a9e1d6-3906-4b9d-884a-457aee59ccf1","ts":1788205904969,"method":"GET","path":"/","backend":"http://localhost:9002"}
{"type":"finish","requestId":"34a9e1d6-3906-4b9d-884a-457aee59ccf1","ts":1788205904971,"status":200}
{"type":"start","requestId":"c6258396-6228-4fb1-bf97-200c3a393978","ts":1788205904992,"method":"GET","path":"/","backend":"http://localhost:9001"}
{"type":"finish","requestId":"c6258396-6228-4fb1-bf97-200c3a393978","ts":1788205904994,"status":200}
{"type":"start","requestId":"0358e502-d554-4166-9977-ac740bd47baa","ts":1788205905018,"method":"GET","path":"/","backend":"http://localhost:9002"}
{"type":"finish","requestId":"0358e502-d554-4166-9977-ac740bd47baa","ts":1788205905020,"status":200}
{"type":"start","requestId":"d7a09c56-0033-491e-8398-71572ad9ac0b","ts":1788205905042,"method":"GET","path":"/","backend":"http://localhost:9001"}
{"type":"finish","requestId":"d7a09c56-0033-491e-8398-71572ad9ac0b","ts":1788205905045,"status":200}
{"type":"start","requestId":"b753ec2f-589a-463a-9e14-1201f8a35ab9","ts":1788205905066,"method":"GET","path":"/","backend":"http://localhost:9002"}
{"type":"finish","requestId":"b753ec2f-589a-463a-9e14-1201f8a35ab9","ts":1788205905068,"status":200}
{"type":"start","requestId":"d08ab2ea-b4d1-4204-b930-81a10ecf7326","ts":1788205905088,"method":"GET","path":"/","backend":"http://localhost:9001"}
{"type":"finish","requestId":"d08ab2ea-b4d1-4204-b930-81a10ecf7326","ts":1788205905090,"status":200}
{"type":"start","requestId":"87ca6a94-228e-403e-b05e-db3869ef3364","ts":1788205905110,"method":"GET","path":"/","backend":"http://localhost:9002"}
{"type":"finish","requestId":"87ca6a94-228e-403e-b05e-db3869ef3364","ts":1788205905113,"status":200}
{"type":"start","requestId":"917d974e-73fc-4f3d-be34-9d83ec8e7839","ts":1788205905134,"method":"GET","path":"/","backend":"http://localhost:9001"}
{"type":"finish","requestId":"917d974e-73fc-4f3d-be34-9d83ec8e7839","ts":1788205905136,"status":200}
{"type":"start","requestId":"028e5934-6ad2-4e0d-8c94-6d74c7128c0b","ts":1788205905155,"method":"GET","path":"/","backend":"http://localhost:9002"}
{"type":"finish","requestId":"028e5934-6ad2-4e0d-8c94-6d74c7128c0b","ts":1788205905157,"status":200}
{"type":"start","requestId":"255abc60-4a27-44e0-8e5a-799fbf8d7ca8","ts":1788205905175,"method":"GET","path":"/","backend":"http://localhost:9001"}
{"type":"finish","requestId":"255abc60-4a27-44e0-8e5a-799fbf8d7ca8","ts":1788205905177,"status":200}
{"type":"start","requestId":"648e0182-f64f-4645-96ac-bb84958d1ace","ts":1788205905195,"method":"GET","path":"/","backend":"http://localhost:9002"}
{"type":"finish","requestId":"648e0182-f64f-4645-96ac-bb84958d1ace","ts":1788205905197,"status":200}
{"type":"start","requestId":"324b2bb1-6597-405d-b986-b35b12a04ef6","ts":1788205905220,"method":"GET","path":"/","backend":"http://localhost:9001"}
{"type":"finish","requestId":"324b2bb1-6597-405d-b986-b35b12a04ef6","ts":1788205905221,"status":200}
{"type":"start","requestId":"3b9082ab-7114-4276-921f-c7532a569f76","ts":1788205905239,"method":"GET","path":"/","backend":"http://localhost:9002"}
{"type":"finish","requestId":"3b9082ab-7114-4276-921f-c7532a569f76","ts":1788205905241,"status":200}
{"type":"start","requestId":"74bd11db-467d-4b4e-ab61-bb83b603fbd0","ts":1788205905260,"method":"GET","path":"/","backend":"http://localhost:9001"}
{"type":"finish","requestId":"74bd11db-467d-4b4e-ab61-bb83b603fbd0","ts":1788205905262,"status":200}
{"type":"start","requestId":"393c9167-bef6-4f09-b61c-f4e65c51134f","ts":1788205905283,"method":"GET","path":"/","backend":"http://localhost:9002"}
{"type":"finish","requestId":"393c9167-bef6-4f09-b61c-f4e65c51134f","ts":1788205905285,"status":200}
{"type":"start","requestId":"e086a8d0-8cf3-433b-b90f-a44289e98efe","ts":1788205905305,"method":"GET","path":"/","backend":"http://localhost:9001"}
{"type":"finish","requestId":"e086a8d0-8cf3-433b-b90f-a44289e98efe","ts":1788205905307,"status":200}
{"type":"start","requestId":"20f685db-5276-4c01-9732-b73534f0aa47","ts":1788205905327,"method":"GET","path":"/","backend":"http://localhost:9002"}
{"type":"finish","requestId":"20f685db-5276-4c01-9732-b73534f0aa47","ts":1788205905329,"status":200}
{"type":"start","requestId":"73b9d6ad-7aff-4746-a24d-2d69e7f7bc7e","ts":1788205905351,"method":"GET","path":"/","backend":"http://localhost:9001"}
{"type":"finish","requestId":"73b9d6ad-7aff-4746-a24d-2d69e7f7bc7e","ts":1788205905352,"status":200}
{"type":"start","requestId":"73651790-abb2-4859-b1ba-1e165f4b3c0d","ts":1788205905370,"method":"GET","path":"/","backend":"http://localhost:9002"}
{"type":"finish","requestId":"73651790-abb2-4859-b1ba-1e165f4b3c0d","ts":1788205905372,"status":200}
{"type":"start","requestId":"1b5045c2-c89c-4e01-9b82-84591273d2a6","ts":1788205905393,"method":"GET","path":"/","backend":"http://localhost:9001"}
{"type":"finish","requestId":"1b5045c2-c89c-4e01-9b82-84591273d2a6","ts":1788205905396,"status":200}
{"type":"start","requestId":"48933392-016e-4d48-8715-4d8b45e4987e","ts":1788205905415,"method":"GET","path":"/","backend":"http://localhost:9002"}
{"type":"finish","requestId":"48933392-016e-4d48-8715-4d8b45e4987e","ts":1788205905417,"status":200}
{"type":"start","requestId":"b6d6c641-864d-403c-a1cc-34227be8eb83","ts":1788205905437,"method":"GET","path":"/","backend":"http://localhost:9001"}
{"type":"finish","requestId":"b6d6c641-864d-403c-a1cc-34227be8eb83","ts":1788205905438,"status":200}
{"type":"start","requestId":"d14429b6-edf7-42ad-9c69-38c7bc0d4b9d","ts":1788205933369,"method":"GET","path":"/","backend":"http://localhost:9002"}
{"type":"finish","requestId":"d14429b6-edf7-42ad-9c69-38c7bc0d4b9d","ts":1788205933371,"status":200}
{"type":"start","requestId":"8f9688ca-f072-4dc7-89d5-e9c0eb0f82f9","ts":1788205933395,"method":"GET","path":"/","backend":"http://localhost:9001"}
{"type":"finish","requestId":"8f9688ca-f072-4dc7-89d5-e9c0eb0f82f9","ts":1788205933398,"status":200}
{"type":"start","requestId":"8011477a-ad5f-4934-a53e-27a60d7e2c6c","ts":1788205933415,"method":"GET","path":"/","backend":"http://localhost:9002"}
{"type":"finish","requestId":"8011477a-ad5f-4934-a53e-27a60d7e2c6c","ts":1788205933417,"status":200}
{"type":"start","requestId":"93be546f-35e4-4178-bb27-404cca0998a5","ts":1788205933440,"method":"GET","path":"/","backend":"http://localhost:9001"}
{"type":"finish","requestId":"93be546f-35e4-4178-bb27-404cca0998a5","ts":1788205933441,"status":200}
{"type":"start","requestId":"572ccd92-f4ef-406b-b2e6-8e27258e1877","ts":1788205933454,"method":"GET","path":"/","backend":"http://localhost:9002"}
{"type":"finish","requestId":"572ccd92-f4ef-406b-b2e6-8e27258e1877","ts":1788205933456,"status":200}
{"type":"start","requestId":"fb2011ec-55a4-4b59-85ad-c0b8277864f4","ts":1788205933473,"method":"GET","path":"/","backend":"http://localhost:9001"}
{"type":"finish","requestId":"fb2011ec-55a4-4b59-85ad-c0b8277864f4","ts":1788205933475,"status":200}
{"type":"start","requestId":"54ce2796-6e62-4594-9fc1-5820482c6d16","ts":1788205933491,"method":"GET","path":"/","backend":"http://localhost:9002"}
{"type":"finish","requestId":"54ce2796-6e62-4594-9fc1-5820482c6d16","ts":1788205933493,"status":200}
{"type":"start","requestId":"2c84420e-6ee0-41e8-8d45-59be2812a36a","ts":1788205933511,"method":"GET","path":"/","backend":"http://localhost:9001"}
{"type":"finish","requestId":"2c84420e-6ee0-41e8-8d45-59be2812a36a","ts":1788205933513,"status":200}
{"type":"start","requestId":"eae07f93-51e8-4e0e-908b-9a64902d795c","ts":1788205933528,"method":"GET","path":"/","backend":"http://localhost:9002"}
{"type":"finish","requestId":"eae07f93-51e8-4e0e-908b-9a64902d795c","ts":1788205933529,"status":200}
{"type":"start","requestId":"40ef8f48-68ee-41ba-89eb-8f997678b660","ts":1788205933545,"method":"GET","path":"/","backend":"http://localhost:9001"}
{"type":"finish","requestId":"40ef8f48-68ee-41ba-89eb-8f997678b660","ts":1788205933546,"status":200}
{"type":"start","requestId":"33138d16-5cff-4437-b1ed-ea5bab8665a0","ts":1788205933561,"method":"GET","path":"/","backend":"http://localhost:9002"}
{"type":"finish","requestId":"33138d16-5cff-4437-b1ed-ea5bab8665a0","ts":1788205933562,"status":200}
{"type":"start","requestId":"fd1fc58d-034a-48dc-a4b3-a7ae75c6e251","ts":1788205933577,"method":"GET","path":"/","backend":"http://localhost:9001"}
{"type":"finish","requestId":"fd1fc58d-034a-48dc-a4b3-a7ae75c6e251","ts":1788205933579,"status":200}
{"type":"start","requestId":"b56e77b4-673e-454e-bb32-4382f290dd79","ts":1788205933594,"method":"GET","path":"/","backend":"http://localhost:9002"}
{"type":"finish","requestId":"b56e77b4-673e-454e-bb32-4382f290dd79","ts":1788205933595,"status":200}
{"type":"start","requestId":"5856f1a3-e4ae-4f69-93b4-3da5558a0207","ts":1788205933617,"method":"GET","path":"/","backend":"http://localhost:9001"}
{"type":"finish","requestId":"5856f1a3-e4ae-4f69-93b4-3da5558a0207","ts":1788205933618,"status":200}
{"type":"start","requestId":"f552628e-8c69-4fd0-ade5-d0bf6c5227f7","ts":1788205933637,"method":"GET","path":"/","backend":"http://localhost:9002"}
{"type":"finish","requestId":"f552628e-8c69-4fd0-ade5-d0bf6c5227f7","ts":1788205933638,"status":200}
{"type":"start","requestId":"216e1f2d-a4fe-497b-9335-33609f46e38e","ts":1788205933662,"method":"GET","path":"/","backend":"http://localhost:9001"}
{"type":"finish","requestId":"216e1f2d-a4fe-497b-9335-33609f46e38e","ts":1788205933664,"status":200}
{"type":"start","requestId":"caf27838-5aae-4291-a708-3850ac04e389","ts":1788205933680,"method":"GET","path":"/","backend":"http://localhost:9002"}
{"type":"finish","requestId":"caf27838-5aae-4291-a708-3850ac04e389","ts":1788205933681,"status":200}
{"type":"start","requestId":"23f943ce-f75c-4693-807d-88c36ae60412","ts":1788205933700,"method":"GET","path":"/","backend":"http://localhost:9001"}
{"type":"finish","requestId":"23f943ce-f75c-4693-807d-88c36ae60412","ts":1788205933702,"status":200}
{"type":"start","requestId":"a756cf5e-ce9f-41cc-bfdf-14abf559c3fe","ts":1788205933722,"method":"GET","path":"/","backend":"http://localhost:9002"}
{"type":"finish","requestId":"a756cf5e-ce9f-41cc-bfdf-14abf559c3fe","ts":1788205933724,"status":200}
{"type":"start","requestId":"ef1a0c72-4b08-487d-a988-b1a631632edd","ts":1788205933741,"method":"GET","path":"/","backend":"http://localhost:9001"}
{"type":"finish","requestId":"ef1a0c72-4b08-487d-a988-b1a631632edd","ts":1788205933743,"status":200}
{"type":"start","requestId":"406828c0-bbf3-4524-a5ea-94353e9e660d","ts":1788205933766,"method":"GET","path":"/","backend":"http://localhost:9002"}
{"type":"finish","requestId":"406828c0-bbf3-4524-a5ea-94353e9e660d","ts":1788205933767,"status":200}
{"type":"start","requestId":"0d5fb947-4dd0-480f-93af-e955f2df9b5d","ts":1788205933788,"method":"GET","path":"/","backend":"http://localhost:9001"}
{"type":"finish","requestId":"0d5fb947-4dd0-480f-93af-e955f2df9b5d","ts":1788205933790,"status":200}
{"type":"start","requestId":"a664d7f3-9a54-42a8-8d9a-a64d290d459d","ts":1788205933813,"method":"GET","path":"/","backend":"http://localhost:9002"}
{"type":"finish","requestId":"a664d7f3-9a54-42a8-8d9a-a64d290d459d","ts":1788205933814,"status":200}
{"type":"start","requestId":"4f15a661-c5b1-42a6-a24f-94d786ab1e31","ts":1788205933834,"method":"GET","path":"/","backend":"http://localhost:9001"}
{"type":"finish","requestId":"4f15a661-c5b1-42a6-a24f-94d786ab1e31","ts":1788205933837,"status":200}
{"type":"start","requestId":"e01de9d9-84ab-4c3c-ac35-effc759a11f6","ts":1788205933859,"method":"GET","path":"/","backend":"http://localhost:9002"}
{"type":"finish","requestId":"e01de9d9-84ab-4c3c-ac35-effc759a11f6","ts":1788205933861,"status":200}
{"type":"start","requestId":"d4d58a12-8551-4faa-8dad-f7ba53016243","ts":1788205933884,"method":"GET","path":"/","backend":"http://localhost:9001"}
{"type":"finish","requestId":"d4d58a12-8551-4faa-8dad-f7ba53016243","ts":1788205933886,"status":200}
{"type":"start","requestId":"6742d7fe-ae2e-4f18-a490-7cb32743bf91","ts":1788205933906,"method":"GET","path":"/","backend":"http://localhost:9002"}
{"type":"finish","requestId":"6742d7fe-ae2e-4f18-a490-7cb32743bf91","ts":1788205933908,"status":200}
{"type":"start","requestId":"9769fcd4-ca88-42df-b3b4-30b769dbe4a2","ts":1788205933931,"method":"GET","path":"/","backend":"http://localhost:9001"}
{"type":"finish","requestId":"9769fcd4-ca88-42df-b3b4-30b769dbe4a2","ts":1788205933933,"status":200}
{"type":"start","requestId":"4db3fdc7-ae56-493f-8f08-6e9a92edeb86","ts":1788205933953,"method":"GET","path":"/","backend":"http://localhost:9002"}
{"type":"finish","requestId":"4db3fdc7-ae56-493f-8f08-6e9a92edeb86","ts":1788205933954,"status":200}
{"type":"start","requestId":"5db54080-a414-4f27-9a77-119e896a4d94","ts":1788205933973,"method":"GET","path":"/","backend":"http://localhost:9001"}
{"type":"finish","requestId":"5db54080-a414-4f27-9a77-119e896a4d94","ts":1788205933975,"status":200}
{"type":"start","requestId":"95a886c8-3363-4e3f-b08d-be61f98c85ea","ts":1788205933998,"method":"GET","path":"/","backend":"http://localhost:9002"}
{"type":"finish","requestId":"95a886c8-3363-4e3f-b08d-be61f98c85ea","ts":1788205934000,"status":200}
{"type":"start","requestId":"4f0c0d1e-a684-4096-983f-036b9d1ef3d8","ts":1788205934018,"method":"GET","path":"/","backend":"http://localhost:9001"}
{"type":"finish","requestId":"4f0c0d1e-a684-4096-983f-036b9d1ef3d8","ts":1788205934020,"status":200}
{"type":"start","requestId":"0d0515bc-1166-4dd2-9ccb-fc335daf4179","ts":1788205934038,"method":"GET","path":"/","backend":"http://localhost:9002"}
{"type":"finish","requestId":"0d0515bc-1166-4dd2-9ccb-fc335daf4179","ts":1788205934040,"status":200}
{"type":"start","requestId":"c0589d56-3330-4034-b51c-97ec7577757a","ts":1788205934065,"method":"GET","path":"/","backend":"http://localhost:9001"}
{"type":"finish","requestId":"c0589d56-3330-4034-b51c-97ec7577757a","ts":1788205934066,"status":200}
{"type":"start","requestId":"dcfde87d-a9b1-43c8-968e-422eff11bfb2","ts":1788205934085,"method":"GET","path":"/","backend":"http://localhost:9002"}
{"type":"finish","requestId":"dcfde87d-a9b1-43c8-968e-422eff11bfb2","ts":1788205934087,"status":200}
{"type":"start","requestId":"84f1968e-c6bb-4be1-ab38-8e4dc91fdcf6","ts":1788205934106,"method":"GET","path":"/","backend":"http://localhost:9001"}
{"type":"finish","requestId":"84f1968e-c6bb-4be1-ab38-8e4dc91fdcf6","ts":1788205934108,"status":200}
{"type":"start","requestId":"a35dab77-d6bc-4738-b86d-fbce38ac562a","ts":1788205934131,"method":"GET","path":"/","backend":"http://localhost:9002"}
{"type":"finish","requestId":"a35dab77-d6bc-4738-b86d-fbce38ac562a","ts":1788205934132,"status":200}
{"type":"start","requestId":"a2946719-9583-400a-ba02-e3295f27e706","ts":1788205934152,"method":"GET","path":"/","backend":"http://localhost:9001"}
{"type":"finish","requestId":"a2946719-9583-400a-ba02-e3295f27e706","ts":1788205934153,"status":200}
{"type":"start","requestId":"d7a72012-4354-4c2d-9821-661de9215e34","ts":1788205934174,"method":"GET","path":"/","backend":"http://localhost:9002"}
{"type":"finish","requestId":"d7a72012-4354-4c2d-9821-661de9215e34","ts":1788205934176,"status":200}
{"type":"start","requestId":"482c613a-f119-4bff-aa9e-6e50a7080f48","ts":1788205934198,"method":"GET","path":"/","backend":"http://localhost:9001"}
{"type":"finish","requestId":"482c613a-f119-4bff-aa9e-6e50a7080f48","ts":1788205934199,"status":200}
{"type":"start","requestId":"b5d772ef-9a57-4b5d-8ed0-771d381beb8d","ts":1788205934215,"method":"GET","path":"/","backend":"http://localhost:9002"}
{"type":"finish","requestId":"b5d772ef-9a57-4b5d-8ed0-771d381beb8d","ts":1788205934216,"status":200}
{"type":"start","requestId":"bb4e89ad-c40d-4fc6-b9a9-f53163dcabb5","ts":1788205934233,"method":"GET","path":"/","backend":"http://localhost:9001"}
{"type":"finish","requestId":"bb4e89ad-c40d-4fc6-b9a9-f53163dcabb5","ts":1788205934234,"status":200}
{"type":"start","requestId":"d9dee46a-9909-48fd-b987-d63101996c9c","ts":1788205934259,"method":"GET","path":"/","backend":"http://localhost:9002"}
{"type":"finish","requestId":"d9dee46a-9909-48fd-b987-d63101996c9c","ts":1788205934261,"status":200}
{"type":"start","requestId":"93fb1dd8-4b1c-48df-98d9-c9d80c983140","ts":1788205934285,"method":"GET","path":"/","backend":"http://localhost:9001"}
{"type":"finish","requestId":"93fb1dd8-4b1c-48df-98d9-c9d80c983140","ts":1788205934287,"status":200}
{"type":"start","requestId":"212cbe99-954b-4282-8b7f-69a7a0800e25","ts":1788205934308,"method":"GET","path":"/","backend":"http://localhost:9002"}
{"type":"finish","requestId":"212cbe99-954b-4282-8b7f-69a7a0800e25","ts":1788205934310,"status":200}
{"type":"start","requestId":"ecc5fc44-7f38-4b35-b8a2-53653e57e8b3","ts":1788205934331,"method":"GET","path":"/","backend":"http://localhost:9001"}
{"type":"finish","requestId":"ecc5fc44-7f38-4b35-b8a2-53653e57e8b3","ts":1788205934334,"status":200}
{"type":"start","requestId":"b136cd43-8bec-4037-8d3d-5715fe863969","ts":1788205934352,"method":"GET","path":"/","backend":"http://localhost:9002"}
{"type":"finish","requestId":"b136cd43-8bec-4037-8d3d-5715fe863969","ts":1788205934354,"status":200}
{"type":"start","requestId":"e4d45e95-35cc-45d5-850a-7a9e6112ad94","ts":1788205934377,"method":"GET","path":"/","backend":"http://localhost:9001"}
{"type":"finish","requestId":"e4d45e95-35cc-45d5-850a-7a9e6112ad94","ts":1788205934379,"status":200}
{"type":"start","requestId":"bd54acf6-a126-4712-8fc3-caa14a1e2cbe","ts":1788205934400,"method":"GET","path":"/","backend":"http://localhost:9002"}
{"type":"finish","requestId":"bd54acf6-a126-4712-8fc3-caa14a1e2cbe","ts":1788205934402,"status":200}
{"type":"start","requestId":"7b044cf7-f4ed-4d75-9898-4963f3101d3f","ts":1788205934422,"method":"GET","path":"/","backend":"http://localhost:9001"}
{"type":"finish","requestId":"7b044cf7-f4ed-4d75-9898-4963f3101d3f","ts":1788205934424,"status":200}
{"type":"start","requestId":"a68ee02d-7827-41d4-8b51-069b69fa4e8c","ts":1788205934448,"method":"GET","path":"/","backend":"http://localhost:9002"}
{"type":"finish","requestId":"a68ee02d-7827-41d4-8b51-069b69fa4e8c","ts":1788205934450,"status":200}
{"type":"start","requestId":"8d6469f3-c227-4170-a6b7-825d13afefdb","ts":1788205934517,"method":"GET","path":"/","backend":"http://localhost:9001"}
{"type":"finish","requestId":"8d6469f3-c227-4170-a6b7-825d13afefdb","ts":1788205934519,"status":200}
{"type":"start","requestId":"b256c87a-4f5d-400e-99ec-e064bdf7e0f0","ts":1788205935119,"method":"GET","path":"/","backend":"http://localhost:9002"}
{"type":"finish","requestId":"b256c87a-4f5d-400e-99ec-e064bdf7e0f0","ts":1788205935121,"status":200}
{"type":"start","requestId":"82cf6f72-cd78-4242-84a2-f56f722feeaf","ts":1788205935717,"method":"GET","path":"/","backend":"http://localhost:9001"}
{"type":"finish","requestId":"82cf6f72-cd78-4242-84a2-f56f722feeaf","ts":1788205935719,"status":200}
{"type":"start","requestId":"15c21f42-223d-42a5-a909-ac9e7874d422","ts":1788205936324,"method":"GET","path":"/","backend":"http://localhost:9002"}
{"type":"finish","requestId":"15c21f42-223d-42a5-a909-ac9e7874d422","ts":1788205936325,"status":200}
{"type":"start","requestId":"fe34496f-e180-487d-8898-7f3be25ae891","ts":1788205936923,"method":"GET","path":"/","backend":"http://localhost:9001"}
{"type":"finish","requestId":"fe34496f-e180-487d-8898-7f3be25ae891","ts":1788205936925,"status":200}
{"type":"start","requestId":"e2dae0c0-3f20-4bbc-b9ab-8cd3605a1fcd","ts":1788205937537,"method":"GET","path":"/","backend":"http://localhost:9002"}
{"type":"finish","requestId":"e2dae0c0-3f20-4bbc-b9ab-8cd3605a1fcd","ts":1788205937538,"status":200}
{"type":"start","requestId":"ea501b6f-d76e-4e11-87f4-d40b5e9214d4","ts":1788205938134,"method":"GET","path":"/","backend":"http://localhost:9001"}
{"type":"finish","requestId":"ea501b6f-d76e-4e11-87f4-d40b5e9214d4","ts":1788205938136,"status":200}
{"type":"start","requestId":"bab0a79a-c86d-41e4-a1af-69a663cc411c","ts":1788205938733,"method":"GET","path":"/","backend":"http://localhost:9002"}
{"type":"finish","requestId":"bab0a79a-c86d-41e4-a1af-69a663cc411c","ts":1788205938735,"status":200}
{"type":"start","requestId":"096318b7-5148-4e44-ad00-98ff7cb0e597","ts":1788205939333,"method":"GET","path":"/","backend":"http://localhost:9001"}
{"type":"finish","requestId":"096318b7-5148-4e44-ad00-98ff7cb0e597","ts":1788205939334,"status":200}
{"type":"start","requestId":"b78c929d-73cc-4040-9c18-cb90d040aeda","ts":1788205939926,"method":"GET","path":"/","backend":"http://localhost:9002"}
{"type":"finish","requestId":"b78c929d-73cc-4040-9c18-cb90d040aeda","ts":1788205939928,"status":200}
{"type":"start","requestId":"8c01485b-9066-4bad-a46a-99292a767f85","ts":1788205940528,"method":"GET","path":"/","backend":"http://localhost:9001"}
{"type":"finish","requestId":"8c01485b-9066-4bad-a46a-99292a767f85","ts":1788205940530,"status":200}
{"type":"start","requestId":"2ce42b73-6ab8-4a41-98b9-df2e8371c55a","ts":1788205941117,"method":"GET","path":"/","backend":"http://localhost:9002"}
{"type":"finish","requestId":"2ce42b73-6ab8-4a41-98b9-df2e8371c55a","ts":1788205941118,"status":200}
{"type":"start","requestId":"4958d760-7a66-4e77-ac45-9b3ed81c2266","ts":1788205941715,"method":"GET","path":"/","backend":"http://localhost:9001"}
{"type":"finish","requestId":"4958d760-7a66-4e77-ac45-9b3ed81c2266","ts":1788205941716,"status":200}
{"type":"start","requestId":"e17992dd-3ba8-4e42-8549-86bee1b78a2e","ts":1788205942319,"method":"GET","path":"/","backend":"http://localhost:9002"}
{"type":"finish","requestId":"e17992dd-3ba8-4e42-8549-86bee1b78a2e","ts":1788205942320,"status":200}
{"type":"start","requestId":"b9b0c442-c4c6-4ded-bf70-98155125a2b1","ts":1788205942916,"method":"GET","path":"/","backend":"http://localhost:9001"}
{"type":"finish","requestId":"b9b0c442-c4c6-4ded-bf70-98155125a2b1","ts":1788205942918,"status":200}
{"type":"start","requestId":"d468e027-622b-423c-b9f8-5c835a7a0e74","ts":1788205943524,"method":"GET","path":"/","backend":"http://localhost:9002"}
{"type":"finish","requestId":"d468e027-622b-423c-b9f8-5c835a7a0e74","ts":1788205943527,"status":200}
{"type":"start","requestId":"a68764c6-6853-4959-86a1-a87c52ea7dd2","ts":1788205944122,"method":"GET","path":"/","backend":"http://localhost:9001"}
{"type":"finish","requestId":"a68764c6-6853-4959-86a1-a87c52ea7dd2","ts":1788205944124,"status":200}
{"type":"start","requestId":"a1a82b5b-46be-4569-affe-2aeb39581496","ts":1788205944722,"method":"GET","path":"/","backend":"http://localhost:9002"}
{"type":"finish","requestId":"a1a82b5b-46be-4569-affe-2aeb39581496","ts":1788205944724,"status":200}
{"type":"start","requestId":"0e1f90a2-5815-4a28-a6b8-7151d3d25d4a","ts":1788205945324,"method":"GET","path":"/","backend":"http://localhost:9001"}
{"type":"finish","requestId":"0e1f90a2-5815-4a28-a6b8-7151d3d25d4a","ts":1788205945326,"status":200}
{"type":"start","requestId":"0abdfbbc-1d69-400c-9694-af75e6ba97df","ts":1788205945920,"method":"GET","path":"/","backend":"http://localhost:9002"}
{"type":"finish","requestId":"0abdfbbc-1d69-400c-9694-af75e6ba97df","ts":1788205945922,"status":200}
{"type":"start","requestId":"f71f5e99-ea83-4618-bea0-6086ba02c16c","ts":1788205946516,"method":"GET","path":"/","backend":"http://localhost:9001"}
{"type":"finish","requestId":"f71f5e99-ea83-4618-bea0-6086ba02c16c","ts":1788205946518,"status":200}
{"type":"start","requestId":"c71c32a4-eab8-40c6-9eb3-5dbea96813ea","ts":1788205947132,"method":"GET","path":"/","backend":"http://localhost:9002"}
{"type":"finish","requestId":"c71c32a4-eab8-40c6-9eb3-5dbea96813ea","ts":1788205947134,"status":200}
{"type":"start","requestId":"24e7b475-aa1a-4dcc-ac2d-6ab1891348f7","ts":1788205947722,"method":"GET","path":"/","backend":"http://localhost:9001"}
{"type":"finish","requestId":"24e7b475-aa1a-4dcc-ac2d-6ab1891348f7","ts":1788205947724,"status":200}
{"type":"start","requestId":"fdcf27c2-7836-4595-a449-512bc2253174","ts":1788205948319,"method":"GET","path":"/","backend":"http://localhost:9002"}
{"type":"finish","requestId":"fdcf27c2-7836-4595-a449-512bc2253174","ts":1788205948320,"status":200}
{"type":"start","requestId":"7b5d7885-52c6-420b-bc49-0915f78de4e2","ts":1788205948921,"method":"GET","path":"/","backend":"http://localhost:9001"}
{"type":"finish","requestId":"7b5d7885-52c6-420b-bc49-0915f78de4e2","ts":1788205948922,"status":200}
{"type":"start","requestId":"6ed3c24e-9959-4e2e-aa60-731460124abd","ts":1788205949517,"method":"GET","path":"/","backend":"http://localhost:9002"}
{"type":"finish","requestId":"6ed3c24e-9959-4e2e-aa60-731460124abd","ts":1788205949519,"status":200}
{"type":"start","requestId":"89ba98fe-a769-4614-9557-a3284edf7e24","ts":1788205950130,"method":"GET","path":"/","backend":"http://localhost:9001"}
{"type":"finish","requestId":"89ba98fe-a769-4614-9557-a3284edf7e24","ts":1788205950131,"status":200}
{"type":"start","requestId":"e0d6174b-2834-4ea3-af9d-eccb5ee679d3","ts":1788205950717,"method":"GET","path":"/","backend":"http://localhost:9002"}
{"type":"finish","requestId":"e0d6174b-2834-4ea3-af9d-eccb5ee679d3","ts":1788205950718,"status":200}
{"type":"start","requestId":"b10b8ff9-7bcb-4827-a3eb-e90737c802ea","ts":1788206005130,"method":"GET","path":"/","backend":"http://localhost:9001"}
{"type":"finish","requestId":"b10b8ff9-7bcb-4827-a3eb-e90737c802ea","ts":1788206005131,"status":200}
{"type":"start","requestId":"32f759c9-0490-49b9-847a-8bc26b3a713f","ts":1788206005145,"method":"GET","path":"/","backend":"http://localhost:9002"}
{"type":"finish","requestId":"32f759c9-0490-49b9-847a-8bc26b3a713f","ts":1788206005146,"status":200}
{"type":"start","requestId":"e8ab65ae-2a16-406d-9a5e-c74472f22778","ts":1788206005158,"method":"GET","path":"/","backend":"http://localhost:9001"}
{"type":"finish","requestId":"e8ab65ae-2a16-406d-9a5e-c74472f22778","ts":1788206005159,"status":200}
{"type":"start","requestId":"26a1f5a8-09b8-43e5-b9cf-0ea834e0452a","ts":1788206005174,"method":"GET","path":"/","backend":"http://localhost:9002"}
{"type":"finish","requestId":"26a1f5a8-09b8-43e5-b9cf-0ea834e0452a","ts":1788206005176,"status":200}
{"type":"start","requestId":"1848817f-1906-45a8-92f8-17da3bf3073f","ts":1788206005191,"method":"GET","path":"/","backend":"http://localhost:9001"}
{"type":"finish","requestId":"1848817f-1906-45a8-92f8-17da3bf3073f","ts":1788206005192,"status":200}
{"type":"start","requestId":"0c2f6d2f-3568-4e5f-ab6e-b7e0577e8067","ts":1788206005208,"method":"GET","path":"/","backend":"http://localhost:9002"}
{"type":"finish","requestId":"0c2f6d2f-3568-4e5f-ab6e-b7e0577e8067","ts":1788206005209,"status":200}
{"type":"start","requestId":"a28e12cd-4dfb-4971-9059-0551269826fa","ts":1788206005227,"method":"GET","path":"/","backend":"http://localhost:9001"}
{"type":"finish","requestId":"a28e12cd-4dfb-4971-9059-0551269826fa","ts":1788206005228,"status":200}
{"type":"start","requestId":"5260a402-1683-45d5-a925-c555a1940511","ts":1788206005250,"method":"GET","path":"/","backend":"http://localhost:9002"}
{"type":"finish","requestId":"5260a402-1683-45d5-a925-c555a1940511","ts":1788206005251,"status":200}
{"type":"start","requestId":"19b007bf-94c2-4fe3-8fdf-c014c54e715b","ts":1788206005271,"method":"GET","path":"/","backend":"http://localhost:9001"}
{"type":"finish","requestId":"19b007bf-94c2-4fe3-8fdf-c014c54e715b","ts":1788206005273,"status":200}
{"type":"start","requestId":"49847a0e-4c81-453d-85a1-344550ec0502","ts":1788206005292,"method":"GET","path":"/","backend":"http://localhost:9002"}
{"type":"finish","requestId":"49847a0e-4c81-453d-85a1-344550ec0502","ts":1788206005293,"status":200}
{"type":"start","requestId":"f082cb60-7ec1-4b9a-bff1-50ff310c17ad","ts":1788206005310,"method":"GET","path":"/","backend":"http://localhost:9001"}
{"type":"finish","requestId":"f082cb60-7ec1-4b9a-bff1-50ff310c17ad","ts":1788206005311,"status":200}
{"type":"start","requestId":"c8774a67-fee5-4158-aa48-ce1970a3af14","ts":1788206005328,"method":"GET","path":"/","backend":"http://localhost:9002"}
{"type":"finish","requestId":"c8774a67-fee5-4158-aa48-ce1970a3af14","ts":1788206005330,"status":200}
{"type":"start","requestId":"0cba25ac-8651-49bc-b8c7-d361a394c0c9","ts":1788206005347,"method":"GET","path":"/","backend":"http://localhost:9001"}
{"type":"finish","requestId":"0cba25ac-8651-49bc-b8c7-d361a394c0c9","ts":1788206005349,"status":200}
{"type":"start","requestId":"b6bc5364-18ef-4508-8636-04b6dbe97c4c","ts":1788206005367,"method":"GET","path":"/","backend":"http://localhost:9002"}
{"type":"finish","requestId":"b6bc5364-18ef-4508-8636-04b6dbe97c4c","ts":1788206005368,"status":200}
{"type":"start","requestId":"de3896c7-0c3a-413e-8deb-27b09ecd558b","ts":1788206005385,"method":"GET","path":"/","backend":"http://localhost:9001"}
{"type":"finish","requestId":"de3896c7-0c3a-413e-8deb-27b09ecd558b","ts":1788206005386,"status":200}
{"type":"start","requestId":"43f9e65f-e5ba-47e6-b059-4d73bf83a238","ts":1788206005401,"method":"GET","path":"/","backend":"http://localhost:9002"}
{"type":"finish","requestId":"43f9e65f-e5ba-47e6-b059-4d73bf83a238","ts":1788206005403,"status":200}
{"type":"start","requestId":"e3d58177-46b3-4f15-a96c-e5e0d9cfb949","ts":1788206005421,"method":"GET","path":"/","backend":"http://localhost:9001"}
{"type":"finish","requestId":"e3d58177-46b3-4f15-a96c-e5e0d9cfb949","ts":1788206005424,"status":200}
{"type":"start","requestId":"0f0a4aa2-5246-4dae-9fb2-74851da8695b","ts":1788206005442,"method":"GET","path":"/","backend":"http://localhost:9002"}
{"type":"finish","requestId":"0f0a4aa2-5246-4dae-9fb2-74851da8695b","ts":1788206005444,"status":200}
{"type":"start","requestId":"eeb4d45c-033c-4577-ad20-892348d77357","ts":1788206005464,"method":"GET","path":"/","backend":"http://localhost:9001"}
{"type":"finish","requestId":"eeb4d45c-033c-4577-ad20-892348d77357","ts":1788206005465,"status":200}
{"type":"start","requestId":"6ba7f55b-e11a-4052-9ec0-a61d8b2e97ea","ts":1788206005484,"method":"GET","path":"/","backend":"http://localhost:9002"}
{"type":"finish","requestId":"6ba7f55b-e11a-4052-9ec0-a61d8b2e97ea","ts":1788206005485,"status":200}
{"type":"start","requestId":"48cb0d1d-11c8-478f-971f-acb0855e01c2","ts":1788206005501,"method":"GET","path":"/","backend":"http://localhost:9001"}
{"type":"finish","requestId":"48cb0d1d-11c8-478f-971f-acb0855e01c2","ts":1788206005502,"status":200}
{"type":"start","requestId":"ceec65d7-98b4-4379-99a1-944dce6b46af","ts":1788206005524,"method":"GET","path":"/","backend":"http://localhost:9002"}
{"type":"finish","requestId":"ceec65d7-98b4-4379-99a1-944dce6b46af","ts":1788206005525,"status":200}
{"type":"start","requestId":"5e6d355a-e699-47d3-8226-97a84944c6d0","ts":1788206005546,"method":"GET","path":"/","backend":"http://localhost:9001"}
{"type":"finish","requestId":"5e6d355a-e699-47d3-8226-97a84944c6d0","ts":1788206005548,"status":200}
{"type":"start","requestId":"7e7adcc4-8ae7-4588-ba90-4499a16dfd49","ts":1788206005566,"method":"GET","path":"/","backend":"http://localhost:9002"}
{"type":"finish","requestId":"7e7adcc4-8ae7-4588-ba90-4499a16dfd49","ts":1788206005568,"status":200}
{"type":"start","requestId":"4004e93b-7b6b-4f77-a568-18b3b293c4ee","ts":1788206005589,"method":"GET","path":"/","backend":"http://localhost:9001"}
{"type":"finish","requestId":"4004e93b-7b6b-4f77-a568-18b3b293c4ee","ts":1788206005591,"status":200}
{"type":"start","requestId":"a998ee0e-9f9c-4208-b29a-2652d8ba9521","ts":1788206005612,"method":"GET","path":"/","backend":"http://localhost:9002"}
{"type":"finish","requestId":"a998ee0e-9f9c-4208-b29a-2652d8ba9521","ts":1788206005614,"status":200}
{"type":"start","requestId":"b778e01a-e1e4-46a3-bea2-7cb1f8c941aa","ts":1788206005636,"method":"GET","path":"/","backend":"http://localhost:9001"}
{"type":"finish","requestId":"b778e01a-e1e4-46a3-bea2-7cb1f8c941aa","ts":1788206005637,"status":200}
{"type":"start","requestId":"d72daee8-edd4-4e31-be62-3209a3914154","ts":1788206005657,"method":"GET","path":"/","backend":"http://localhost:9002"}
{"type":"finish","requestId":"d72daee8-edd4-4e31-be62-3209a3914154","ts":1788206005658,"status":200}
{"type":"start","requestId":"8042480c-442e-445e-987c-523a59b1802f","ts":1788206005676,"method":"GET","path":"/","backend":"http://localhost:9001"}
{"type":"finish","requestId":"8042480c-442e-445e-987c-523a59b1802f","ts":1788206005678,"status":200}
{"type":"start","requestId":"1ef7626a-b511-42d4-8a50-04867bcb429f","ts":1788206005702,"method":"GET","path":"/","backend":"http://localhost:9002"}
{"type":"finish","requestId":"1ef7626a-b511-42d4-8a50-04867bcb429f","ts":1788206005703,"status":200}
{"type":"start","requestId":"7f366cc9-1a79-4c9e-9cdd-9f0d39818f52","ts":1788206005719,"method":"GET","path":"/","backend":"http://localhost:9001"}
{"type":"finish","requestId":"7f366cc9-1a79-4c9e-9cdd-9f0d39818f52","ts":1788206005720,"status":200}
{"type":"start","requestId":"fea635ae-a2cf-4ef9-a66d-7377be4073bc","ts":1788206005738,"method":"GET","path":"/","backend":"http://localhost:9002"}
{"type":"finish","requestId":"fea635ae-a2cf-4ef9-a66d-7377be4073bc","ts":1788206005739,"status":200}
{"type":"start","requestId":"b59a3961-6142-42da-87d1-00eef2bd4661","ts":1788206005760,"method":"GET","path":"/","backend":"http://localhost:9001"}
{"type":"finish","requestId":"b59a3961-6142-42da-87d1-00eef2bd4661","ts":1788206005761,"status":200}
{"type":"start","requestId":"80c6cff5-af6e-4a4b-baf5-65ba07e195a7","ts":1788206005774,"method":"GET","path":"/","backend":"http://localhost:9002"}
{"type":"finish","requestId":"80c6cff5-af6e-4a4b-baf5-65ba07e195a7","ts":1788206005775,"status":200}
{"type":"start","requestId":"c60f1776-942a-4bdc-9081-a4715b5b8631","ts":1788206005787,"method":"GET","path":"/","backend":"http://localhost:9001"}
{"type":"finish","requestId":"c60f1776-942a-4bdc-9081-a4715b5b8631","ts":1788206005789,"status":200}
{"type":"start","requestId":"d90ae11b-6037-425d-9e0f-c53ea6d536c3","ts":1788206005805,"method":"GET","path":"/","backend":"http://localhost:9002"}
{"type":"finish","requestId":"d90ae11b-6037-425d-9e0f-c53ea6d536c3","ts":1788206005807,"status":200}
{"type":"start","requestId":"de8b8996-2bb2-412b-a281-f114da122ccd","ts":1788206005822,"method":"GET","path":"/","backend":"http://localhost:9001"}
{"type":"finish","requestId":"de8b8996-2bb2-412b-a281-f114da122ccd","ts":1788206005824,"status":200}
{"type":"start","requestId":"82780c73-806f-4879-8bbb-c0fb568e68b4","ts":1788206005838,"method":"GET","path":"/","backend":"http://localhost:9002"}
{"type":"finish","requestId":"82780c73-806f-4879-8bbb-c0fb568e68b4","ts":1788206005839,"status":200}
{"type":"start","requestId":"9e687464-fec0-461c-a7c6-d6fb4a5cb6c6","ts":1788206005852,"method":"GET","path":"/","backend":"http://localhost:9001"}
{"type":"finish","requestId":"9e687464-fec0-461c-a7c6-d6fb4a5cb6c6","ts":1788206005852,"status":200}
{"type":"start","requestId":"0991fc7a-cf98-4b44-8982-3f0ae4c5ce40","ts":1788206005865,"method":"GET","path":"/","backend":"http://localhost:9002"}
{"type":"finish","requestId":"0991fc7a-cf98-4b44-8982-3f0ae4c5ce40","ts":1788206005866,"status":200}
{"type":"start","requestId":"70ba2a1f-25c4-4c47-961b-268f339a29f5","ts":1788206005882,"method":"GET","path":"/","backend":"http://localhost:9001"}
{"type":"finish","requestId":"70ba2a1f-25c4-4c47-961b-268f339a29f5","ts":1788206005883,"status":200}
{"type":"start","requestId":"aec57898-686f-4a9c-b06f-d8baeadc7df6","ts":1788206005897,"method":"GET","path":"/","backend":"http://localhost:9002"}
{"type":"finish","requestId":"aec57898-686f-4a9c-b06f-d8baeadc7df6","ts":1788206005898,"status":200}
{"type":"start","requestId":"14c35f62-a1b9-45f4-a955-2d12ebfb4b04","ts":1788206005911,"method":"GET","path":"/","backend":"http://localhost:9001"}
{"type":"finish","requestId":"14c35f62-a1b9-45f4-a955-2d12ebfb4b04","ts":1788206005911,"status":200}
{"type":"start","requestId":"c6c8e395-5ec3-42cb-8838-fc0f7b8dcc8b","ts":1788206005927,"method":"GET","path":"/","backend":"http://localhost:9002"}
{"type":"finish","requestId":"c6c8e395-5ec3-42cb-8838-fc0f7b8dcc8b","ts":1788206005928,"status":200}
{"type":"start","requestId":"9161e361-352c-4f0f-bd6e-96d6ddec099c","ts":1788206005944,"method":"GET","path":"/","backend":"http://localhost:9001"}
{"type":"finish","requestId":"9161e361-352c-4f0f-bd6e-96d6ddec099c","ts":1788206005947,"status":200}
{"type":"start","requestId":"cedad9cf-547e-41be-9f6e-77ebc83efed7","ts":1788206005959,"method":"GET","path":"/","backend":"http://localhost:9002"}
{"type":"finish","requestId":"cedad9cf-547e-41be-9f6e-77ebc83efed7","ts":1788206005960,"status":200}
{"type":"start","requestId":"b1b79e07-17e1-4b5a-904b-7a69c68fbc8f","ts":1788206005979,"method":"GET","path":"/","backend":"http://localhost:9001"}
{"type":"finish","requestId":"b1b79e07-17e1-4b5a-904b-7a69c68fbc8f","ts":1788206005980,"status":200}
{"type":"start","requestId":"c6f6a494-03c4-4ed4-90f5-97c8cbf8d8e4","ts":1788206005993,"method":"GET","path":"/","backend":"http://localhost:9002"}
{"type":"finish","requestId":"c6f6a494-03c4-4ed4-90f5-97c8cbf8d8e4","ts":1788206005995,"status":200}
{"type":"start","requestId":"366fc120-7ea0-42cd-bd6f-f85d6404f4c4","ts":1788206006010,"method":"GET","path":"/","backend":"http://localhost:9001"}
{"type":"finish","requestId":"366fc120-7ea0-42cd-bd6f-f85d6404f4c4","ts":1788206006012,"status":200}
{"type":"start","requestId":"a21ab847-0c32-4a3e-87fa-609fe5b95933","ts":1788206006025,"method":"GET","path":"/","backend":"http://localhost:9002"}
{"type":"finish","requestId":"a21ab847-0c32-4a3e-87fa-609fe5b95933","ts":1788206006026,"status":200}
{"type":"start","requestId":"3104b00a-38c9-4e85-ab04-cc142683e7a0","ts":1788206006043,"method":"GET","path":"/","backend":"http://localhost:9001"}
{"type":"finish","requestId":"3104b00a-38c9-4e85-ab04-cc142683e7a0","ts":1788206006044,"status":200}
{"type":"start","requestId":"e81d0d2a-bf0b-4a29-bde4-51cca3bad634","ts":1788206006061,"method":"GET","path":"/","backend":"http://localhost:9002"}
{"type":"finish","requestId":"e81d0d2a-bf0b-4a29-bde4-51cca3bad634","ts":1788206006062,"status":200}
{"type":"start","requestId":"08f51841-d45b-4d5c-b5b6-a4bf608b73ff","ts":1788206006074,"method":"GET","path":"/","backend":"http://localhost:9001"}
{"type":"finish","requestId":"08f51841-d45b-4d5c-b5b6-a4bf608b73ff","ts":1788206006075,"status":200}
{"type":"start","requestId":"6deea1fd-461f-472c-aaf3-8b4ceab66e48","ts":1788206006088,"method":"GET","path":"/","backend":"http://localhost:9002"}
{"type":"finish","requestId":"6deea1fd-461f-472c-aaf3-8b4ceab66e48","ts":1788206006089,"status":200}
{"type":"start","requestId":"1352a381-5cdf-4903-983a-3e8da5dede6b","ts":1788206006102,"method":"GET","path":"/","backend":"http://localhost:9001"}
{"type":"finish","requestId":"1352a381-5cdf-4903-983a-3e8da5dede6b","ts":1788206006103,"status":200}
{"type":"start","requestId":"c489ae33-222a-47ce-a680-ccd73b900ca8","ts":1788206006118,"method":"GET","path":"/","backend":"http://localhost:9002"}
{"type":"finish","requestId":"c489ae33-222a-47ce-a680-ccd73b900ca8","ts":1788206006118,"status":200}
{"type":"start","requestId":"b4f89b3a-5ba9-4280-9a8c-e8e1c720278c","ts":1788206006133,"method":"GET","path":"/","backend":"http://localhost:9001"}
{"type":"finish","requestId":"b4f89b3a-5ba9-4280-9a8c-e8e1c720278c","ts":1788206006134,"status":200}
{"type":"start","requestId":"d2d73a61-af2d-4c19-946b-a86e68098083","ts":1788206006147,"method":"GET","path":"/","backend":"http://localhost:9002"}
{"type":"finish","requestId":"d2d73a61-af2d-4c19-946b-a86e68098083","ts":1788206006148,"status":200}
{"type":"start","requestId":"37965e4b-a82c-43da-819a-29e2d6a6f959","ts":1788206006162,"method":"GET","path":"/","backend":"http://localhost:9001"}
{"type":"finish","requestId":"37965e4b-a82c-43da-819a-29e2d6a6f959","ts":1788206006163,"status":200}
{"type":"start","requestId":"3b69b9f8-a004-49d0-93c7-1a4f01e7d5c5","ts":1788206006178,"method":"GET","path":"/","backend":"http://localhost:9002"}
{"type":"finish","requestId":"3b69b9f8-a004-49d0-93c7-1a4f01e7d5c5","ts":1788206006181,"status":200}
{"type":"start","requestId":"8a906656-cce1-4ef3-b56b-75ce02b42b37","ts":1788206006194,"method":"GET","path":"/","backend":"http://localhost:9001"}
{"type":"finish","requestId":"8a906656-cce1-4ef3-b56b-75ce02b42b37","ts":1788206006195,"status":200}
{"type":"start","requestId":"55fdd0f9-8400-4474-960e-0b987f6ad1e4","ts":1788206006209,"method":"GET","path":"/","backend":"http://localhost:9002"}
{"type":"finish","requestId":"55fdd0f9-8400-4474-960e-0b987f6ad1e4","ts":1788206006210,"status":200}
{"type":"start","requestId":"ba5ca667-7396-4aeb-807a-8f957eec40f1","ts":1788206006226,"method":"GET","path":"/","backend":"http://localhost:9001"}
{"type":"finish","requestId":"ba5ca667-7396-4aeb-807a-8f957eec40f1","ts":1788206006229,"status":200}
{"type":"start","requestId":"e8b95eef-7090-4c9b-a511-77a672b52804","ts":1788206006241,"method":"GET","path":"/","backend":"http://localhost:9002"}
{"type":"finish","requestId":"e8b95eef-7090-4c9b-a511-77a672b52804","ts":1788206006242,"status":200}
{"type":"start","requestId":"7cb5bd31-2ada-4da4-a0c5-8112432a585a","ts":1788206006257,"method":"GET","path":"/","backend":"http://localhost:9001"}
{"type":"finish","requestId":"7cb5bd31-2ada-4da4-a0c5-8112432a585a","ts":1788206006259,"status":200}
{"type":"start","requestId":"6e6fa850-7c87-4191-b716-277baaa35b3e","ts":1788206006272,"method":"GET","path":"/","backend":"http://localhost:9002"}
{"type":"finish","requestId":"6e6fa850-7c87-4191-b716-277baaa35b3e","ts":1788206006273,"status":200}
{"type":"start","requestId":"31ff187e-b558-454a-a3e4-ff2249061508","ts":1788206006287,"method":"GET","path":"/","backend":"http://localhost:9001"}
{"type":"finish","requestId":"31ff187e-b558-454a-a3e4-ff2249061508","ts":1788206006287,"status":200}
{"type":"start","requestId":"c2254528-4a2d-4aaa-a990-5f6075103746","ts":1788206006302,"method":"GET","path":"/","backend":"http://localhost:9002"}
{"type":"finish","requestId":"c2254528-4a2d-4aaa-a990-5f6075103746","ts":1788206006303,"status":200}
{"type":"start","requestId":"93328a90-56a5-4b0c-b2c7-29f792cfdb5f","ts":1788206006318,"method":"GET","path":"/","backend":"http://localhost:9001"}
{"type":"finish","requestId":"93328a90-56a5-4b0c-b2c7-29f792cfdb5f","ts":1788206006319,"status":200}
{"type":"start","requestId":"b9c457ad-9ef0-46d7-a060-9592d5ce16c6","ts":1788206006334,"method":"GET","path":"/","backend":"http://localhost:9002"}
{"type":"finish","requestId":"b9c457ad-9ef0-46d7-a060-9592d5ce16c6","ts":1788206006335,"status":200}
{"type":"start","requestId":"16ee6228-581f-407c-8d18-e7af09acf870","ts":1788206006348,"method":"GET","path":"/","backend":"http://localhost:9001"}
{"type":"finish","requestId":"16ee6228-581f-407c-8d18-e7af09acf870","ts":1788206006349,"status":200}
{"type":"start","requestId":"21ab8dc6-1030-45c0-9717-5b668e4bb1f7","ts":1788206006363,"method":"GET","path":"/","backend":"http://localhost:9002"}
{"type":"finish","requestId":"21ab8dc6-1030-45c0-9717-5b668e4bb1f7","ts":1788206006364,"status":200}
{"type":"start","requestId":"a28adc3d-bf52-44ae-bfe5-001532eb35c3","ts":1788206006378,"method":"GET","path":"/","backend":"http://localhost:9001"}
{"type":"finish","requestId":"a28adc3d-bf52-44ae-bfe5-001532eb35c3","ts":1788206006379,"status":200}
{"type":"start","requestId":"63e4c2fc-1a59-4b38-919b-f548d180e59d","ts":1788206006393,"method":"GET","path":"/","backend":"http://localhost:9002"}
{"type":"finish","requestId":"63e4c2fc-1a59-4b38-919b-f548d180e59d","ts":1788206006394,"status":200}
{"type":"start","requestId":"05efe5b4-7f0f-4642-b7b3-962806fadffd","ts":1788206006411,"method":"GET","path":"/","backend":"http://localhost:9001"}
{"type":"finish","requestId":"05efe5b4-7f0f-4642-b7b3-962806fadffd","ts":1788206006412,"status":200}
{"type":"start","requestId":"51b5d3fc-f4c8-45a5-9f51-db9526882f38","ts":1788206006423,"method":"GET","path":"/","backend":"http://localhost:9002"}
{"type":"finish","requestId":"51b5d3fc-f4c8-45a5-9f51-db9526882f38","ts":1788206006424,"status":200}
{"type":"start","requestId":"e7a485f0-f60c-4e87-881c-762dc9a7c3bd","ts":1788206006438,"method":"GET","path":"/","backend":"http://localhost:9001"}
{"type":"finish","requestId":"e7a485f0-f60c-4e87-881c-762dc9a7c3bd","ts":1788206006440,"status":200}
{"type":"start","requestId":"abb97aa3-7122-48a7-80d6-f5c1f4764f58","ts":1788206006456,"method":"GET","path":"/","backend":"http://localhost:9002"}
{"type":"finish","requestId":"abb97aa3-7122-48a7-80d6-f5c1f4764f58","ts":1788206006458,"status":200}
{"type":"start","requestId":"09952ce0-908a-4b83-8d5d-454d2ff17dff","ts":1788206006472,"method":"GET","path":"/","backend":"http://localhost:9001"}
{"type":"finish","requestId":"09952ce0-908a-4b83-8d5d-454d2ff17dff","ts":1788206006474,"status":200}
{"type":"start","requestId":"85fd7745-860b-4dec-8962-a90840840d63","ts":1788206006489,"method":"GET","path":"/","backend":"http://localhost:9002"}
{"type":"finish","requestId":"85fd7745-860b-4dec-8962-a90840840d63","ts":1788206006490,"status":200}
{"type":"start","requestId":"12511565-9c7d-453d-be4a-435c7316c1e2","ts":1788206006502,"method":"GET","path":"/","backend":"http://localhost:9001"}
{"type":"finish","requestId":"12511565-9c7d-453d-be4a-435c7316c1e2","ts":1788206006503,"status":200}
{"type":"start","requestId":"fc28d88c-4547-4dbb-bad0-ef929331c09d","ts":1788206006519,"method":"GET","path":"/","backend":"http://localhost:9002"}
{"type":"finish","requestId":"fc28d88c-4547-4dbb-bad0-ef929331c09d","ts":1788206006520,"status":200}
{"type":"start","requestId":"e9cab458-6113-4b84-9528-e38c6de897f3","ts":1788206006535,"method":"GET","path":"/","backend":"http://localhost:9001"}
{"type":"finish","requestId":"e9cab458-6113-4b84-9528-e38c6de897f3","ts":1788206006535,"status":200}
{"type":"start","requestId":"2bbe1140-192e-45da-8d84-1f4b00bfc875","ts":1788206006548,"method":"GET","path":"/","backend":"http://localhost:9002"}
{"type":"finish","requestId":"2bbe1140-192e-45da-8d84-1f4b00bfc875","ts":1788206006550,"status":200}
{"type":"start","requestId":"49bcea04-3635-4b13-b137-f833386c5cbd","ts":1788206006566,"method":"GET","path":"/","backend":"http://localhost:9001"}
{"type":"finish","requestId":"49bcea04-3635-4b13-b137-f833386c5cbd","ts":1788206006567,"status":200}
{"type":"start","requestId":"c192fbd3-b4f9-4a93-8b34-c5809c3a72d5","ts":1788206006582,"method":"GET","path":"/","backend":"http://localhost:9002"}
{"type":"finish","requestId":"c192fbd3-b4f9-4a93-8b34-c5809c3a72d5","ts":1788206006583,"status":200}
{"type":"start","requestId":"3a9a7e52-2654-4efe-9f84-ffe097feb8ca","ts":1788206006597,"method":"GET","path":"/","backend":"http://localhost:9001"}
{"type":"finish","requestId":"3a9a7e52-2654-4efe-9f84-ffe097feb8ca","ts":1788206006598,"status":200}
{"type":"start","requestId":"15319988-650a-4217-8371-f44cf989ca60","ts":1788206006613,"method":"GET","path":"/","backend":"http://localhost:9002"}
{"type":"finish","requestId":"15319988-650a-4217-8371-f44cf989ca60","ts":1788206006614,"status":200}
{"type":"start","requestId":"7f26e8b4-7a01-4a79-95da-4ffc033161fe","ts":1788206006626,"method":"GET","path":"/","backend":"http://localhost:9001"}
{"type":"finish","requestId":"7f26e8b4-7a01-4a79-95da-4ffc033161fe","ts":1788206006628,"status":200}
{"type":"start","requestId":"1e3b0c4e-9e6a-489e-8f26-b93fe622a59a","ts":1788206006642,"method":"GET","path":"/","backend":"http://localhost:9002"}
{"type":"finish","requestId":"1e3b0c4e-9e6a-489e-8f26-b93fe622a59a","ts":1788206006644,"status":200}
{"type":"start","requestId":"cb444f53-5d4b-424e-94f7-1248214430a4","ts":1788206006660,"method":"GET","path":"/","backend":"http://localhost:9001"}
{"type":"finish","requestId":"cb444f53-5d4b-424e-94f7-1248214430a4","ts":1788206006661,"status":200}
{"type":"start","requestId":"b57ec7a9-742e-4cb9-b6a1-38ae895245c0","ts":1788206006673,"method":"GET","path":"/","backend":"http://localhost:9002"}
{"type":"finish","requestId":"b57ec7a9-742e-4cb9-b6a1-38ae895245c0","ts":1788206006674,"status":200}
{"type":"start","requestId":"d27e4dda-19df-4859-868f-76cf982067bb","ts":1788206006689,"method":"GET","path":"/","backend":"http://localhost:9001"}
{"type":"finish","requestId":"d27e4dda-19df-4859-868f-76cf982067bb","ts":1788206006691,"status":200}
{"type":"start","requestId":"611ebcc3-194c-4d11-8cfd-4d93eef51754","ts":1788206007131,"method":"GET","path":"/","backend":"http://localhost:9002"}
{"type":"finish","requestId":"611ebcc3-194c-4d11-8cfd-4d93eef51754","ts":1788206007133,"status":200}
{"type":"start","requestId":"e792ce3d-ec12-4ea7-afc3-f4b66d779e26","ts":1788206007726,"method":"GET","path":"/","backend":"http://localhost:9001"}
{"type":"finish","requestId":"e792ce3d-ec12-4ea7-afc3-f4b66d779e26","ts":1788206007729,"status":200}
{"type":"start","requestId":"8845d1ce-30f4-43d6-ba5c-002766e176f5","ts":1788206008332,"method":"GET","path":"/","backend":"http://localhost:9002"}
{"type":"finish","requestId":"8845d1ce-30f4-43d6-ba5c-002766e176f5","ts":1788206008334,"status":200}
{"type":"start","requestId":"9a7e6342-750e-4c18-ae9a-b62de7ed2c5a","ts":1788206232945,"method":"GET","path":"/api","backend":"http://localhost:9002"}
{"type":"finish","requestId":"9a7e6342-750e-4c18-ae9a-b62de7ed2c5a","ts":1788206232947,"status":200}
{"type":"start","requestId":"661d2252-4ff8-468d-ad4f-ee7f833fc914","ts":1788206237075,"method":"GET","path":"/api","backend":"http://localhost:9002"}
{"type":"finish","requestId":"661d2252-4ff8-468d-ad4f-ee7f833fc914","ts":1788206237077,"status":200}
{"type":"start","requestId":"1523ca30-4b5f-43f4-ac5c-8ac58b191a89","ts":1788206239728,"method":"GET","path":"/api","backend":"http://localhost:9002"}
{"type":"finish","requestId":"1523ca30-4b5f-43f4-ac5c-8ac58b191a89","ts":1788206239731,"status":200}
{"type":"start","requestId":"240778e4-0a7c-4038-bc2f-d7182a1307c8","ts":1788200911680,"method":"GET","path":"/","backend":"http://localhost:9001"}
{"type":"finish","requestId":"240778e4-0a7c-4038-bc2f-d7182a1307c8","ts":1788200911682,"status":200}
{"type":"start","requestId":"53de45da-40d9-48ae-8537-b7a4291fa3b5","ts":1788200915620,"method":"GET","path":"/","backend":"http://localhost:9002"}
{"type":"finish","requestId":"53de45da-40d9-48ae-8537-b7a4291fa3b5","ts":1788200915621,"status":200}
{"type":"start","requestId":"404cfdb9-9491-4d31-8c55-89db80e0e932","ts":1788200918515,"method":"GET","path":"/","backend":"http://localhost:9001"}
{"type":"finish","requestId":"404cfdb9-9491-4d31-8c55-89db80e0e932","ts":1788200918516,"status":200}
{"type":"start","requestId":"85529f70-e29b-4852-8182-e7cfda281546","ts":1788200947476,"method":"GET","path":"/api","backend":"http://localhost:9002"}
{"type":"finish","requestId":"85529f70-e29b-4852-8182-e7cfda281546","ts":1788200947477,"status":200}
{"type":"start","requestId":"0a8ee969-867e-48b3-a5d0-76b76d043f81","ts":1788200949870,"method":"GET","path":"/api","backend":"http://localhost:9001"}
{"type":"finish","requestId":"0a8ee969-867e-48b3-a5d0-76b76d043f81","ts":1788200949871,"status":200}
{"type":"start","requestId":"c0abddc6-1e62-45d2-851d-8453869cccbe","ts":1788200952210,"method":"GET","path":"/api","backend":"http://localhost:9002"}
{"type":"finish","requestId":"c0abddc6-1e62-45d2-851d-8453869cccbe","ts":1788200952211,"status":200}
{"type":"start","requestId":"5f21bc97-3e34-48d3-a32a-756e15f9e4d4","ts":1788200986115,"method":"GET","path":"/","backend":"http://localhost:9001"}
{"type":"finish","requestId":"5f21bc97-3e34-48d3-a32a-756e15f9e4d4","ts":1788200986116,"status":200}
{"type":"start","requestId":"10b84340-46d1-4d0e-a357-baa3d9abc73d","ts":1788200986123,"method":"GET","path":"/","backend":"http://localhost:9002"}
{"type":"finish","requestId":"10b84340-46d1-4d0e-a357-baa3d9abc73d","ts":1788200986124,"status":200}
{"type":"start","requestId":"d94dbfc5-b136-4270-92c3-58f9527ebcc1","ts":1788200986130,"method":"GET","path":"/","backend":"http://localhost:9001"}
{"type":"finish","requestId":"d94dbfc5-b136-4270-92c3-58f9527ebcc1","ts":1788200986131,"status":200}
{"type":"start","requestId":"39cd3796-cdb0-4c2b-a7cf-2c2741ab09f8","ts":1788200986138,"method":"GET","path":"/","backend":"http://localhost:9002"}
{"type":"finish","requestId":"39cd3796-cdb0-4c2b-a7cf-2c2741ab09f8","ts":1788200986138,"status":200}
{"type":"start","requestId":"25cea783-eabb-44b5-b084-f6c3392e6dd8","ts":1788200986146,"method":"GET","path":"/","backend":"http://localhost:9001"}
{"type":"finish","requestId":"25cea783-eabb-44b5-b084-f6c3392e6dd8","ts":1788200986147,"status":200}
{"type":"start","requestId":"06381c6a-f04e-4380-a26b-5b3b0c599f27","ts":1788200986153,"method":"GET","path":"/","backend":"http://localhost:9002"}
{"type":"finish","requestId":"06381c6a-f04e-4380-a26b-5b3b0c599f27","ts":1788200986154,"status":200}
{"type":"start","requestId":"d5725b9f-b0f6-4bf4-8bf1-5d6c906c65e3","ts":1788200986164,"method":"GET","path":"/","backend":"http://localhost:9001"}
{"type":"finish","requestId":"d5725b9f-b0f6-4bf4-8bf1-5d6c906c65e3","ts":1788200986165,"status":200}
{"type":"start","requestId":"591bbe88-2e2c-4aba-b3aa-2982f37a3532","ts":1788200986173,"method":"GET","path":"/","backend":"http://localhost:9002"}
{"type":"finish","requestId":"591bbe88-2e2c-4aba-b3aa-2982f37a3532","ts":1788200986174,"status":200}
{"type":"start","requestId":"bb869f00-fd25-4630-81d2-c777f93ad456","ts":1788200986182,"method":"GET","path":"/","backend":"http://localhost:9001"}
{"type":"finish","requestId":"bb869f00-fd25-4630-81d2-c777f93ad456","ts":1788200986183,"status":200}
{"type":"start","requestId":"eaaf770a-5606-47d7-bcf6-4fcd0baefb0d","ts":1788200986191,"method":"GET","path":"/","backend":"http://localhost:9002"}
{"type":"finish","requestId":"eaaf770a-5606-47d7-bcf6-4fcd0baefb0d","ts":1788200986192,"status":200}
{"type":"start","requestId":"f9b59930-1452-4b3e-b362-0d30bbc545d7","ts":1788200986200,"method":"GET","path":"/","backend":"http://localhost:9001"}
{"type":"finish","requestId":"f9b59930-1452-4b3e-b362-0d30bbc545d7","ts":1788200986201,"status":200}
{"type":"start","requestId":"4a8f1487-d7cd-4118-a67a-5a08e9389662","ts":1788200986210,"method":"GET","path":"/","backend":"http://localhost:9002"}
{"type":"finish","requestId":"4a8f1487-d7cd-4118-a67a-5a08e9389662","ts":1788200986212,"status":200}
{"type":"start","requestId":"99cc9fac-743f-4c40-85fa-a741404a1294","ts":1788200986219,"method":"GET","path":"/","backend":"http://localhost:9001"}
{"type":"finish","requestId":"99cc9fac-743f-4c40-85fa-a741404a1294","ts":1788200986221,"status":200}
{"type":"start","requestId":"34bb367f-a615-4ad1-a60c-96a91411840c","ts":1788200986226,"method":"GET","path":"/","backend":"http://localhost:9002"}
{"type":"finish","requestId":"34bb367f-a615-4ad1-a60c-96a91411840c","ts":1788200986228,"status":200}
{"type":"start","requestId":"f3c15da3-c202-4a44-be5b-30c1152c1fbe","ts":1788200986234,"method":"GET","path":"/","backend":"http://localhost:9001"}
{"type":"finish","requestId":"f3c15da3-c202-4a44-be5b-30c1152c1fbe","ts":1788200986235,"status":200}
{"type":"start","requestId":"cb0eddcc-e973-470e-90a2-398ae5b40c3f","ts":1788200986243,"method":"GET","path":"/","backend":"http://localhost:9002"}
{"type":"finish","requestId":"cb0eddcc-e973-470e-90a2-398ae5b40c3f","ts":1788200986244,"status":200}
{"type":"start","requestId":"08b1ebfa-52a6-4d7f-9a11-cc4b1ee19ad9","ts":1788200986253,"method":"GET","path":"/","backend":"http://localhost:9001"}
{"type":"finish","requestId":"08b1ebfa-52a6-4d7f-9a11-cc4b1ee19ad9","ts":1788200986254,"status":200}
{"type":"start","requestId":"71e8ec38-5993-42ad-8988-507932e7ca55","ts":1788200986262,"method":"GET","path":"/","backend":"http://localhost:9002"}
{"type":"finish","requestId":"71e8ec38-5993-42ad-8988-507932e7ca55","ts":1788200986263,"status":200}
{"type":"start","requestId":"1df5c148-5449-4956-b739-96f8b01d21b5","ts":1788200986274,"method":"GET","path":"/","backend":"http://localhost:9001"}
{"type":"finish","requestId":"1df5c148-5449-4956-b739-96f8b01d21b5","ts":1788200986275,"status":200}
{"type":"start","requestId":"d84ef5f1-8c4b-4188-b6f2-ab35466f5fdb","ts":1788200986283,"method":"GET","path":"/","backend":"http://localhost:9002"}
{"type":"finish","requestId":"d84ef5f1-8c4b-4188-b6f2-ab35466f5fdb","ts":1788200986284,"status":200}
{"type":"start","requestId":"d1c8f4a8-d686-4d35-b862-63caac7f3dae","ts":1788200986292,"method":"GET","path":"/","backend":"http://localhost:9001"}
{"type":"finish","requestId":"d1c8f4a8-d686-4d35-b862-63caac7f3dae","ts":1788200986294,"status":200}
{"type":"start","requestId":"7cc75888-9d79-47b0-98ab-48313cfea0a4","ts":1788200986300,"method":"GET","path":"/","backend":"http://localhost:9002"}
{"type":"finish","requestId":"7cc75888-9d79-47b0-98ab-48313cfea0a4","ts":1788200986301,"status":200}
{"type":"start","requestId":"4ab18cdf-a9c2-4939-bf9b-b14560870423","ts":1788200986312,"method":"GET","path":"/","backend":"http://localhost:9001"}
{"type":"finish","requestId":"4ab18cdf-a9c2-4939-bf9b-b14560870423","ts":1788200986313,"status":200}
{"type":"start","requestId":"1420aa14-698b-488d-8515-29ee359ec2be","ts":1788200986321,"method":"GET","path":"/","backend":"http://localhost:9002"}
{"type":"finish","requestId":"1420aa14-698b-488d-8515-29ee359ec2be","ts":1788200986322,"status":200}
{"type":"start","requestId":"640fe363-9c1c-4738-9604-1b8c8b797749","ts":1788200986328,"method":"GET","path":"/","backend":"http://localhost:9001"}
{"type":"finish","requestId":"640fe363-9c1c-4738-9604-1b8c8b797749","ts":1788200986329,"status":200}
{"type":"start","requestId":"2126048b-36ad-4786-8ffc-3e15a56d2676","ts":1788200986337,"method":"GET","path":"/","backend":"http://localhost:9002"}
{"type":"finish","requestId":"2126048b-36ad-4786-8ffc-3e15a56d2676","ts":1788200986338,"status":200}
{"type":"start","requestId":"5da6a760-f302-4159-b76e-744d10d2b8e5","ts":1788200986347,"method":"GET","path":"/","backend":"http://localhost:9001"}
{"type":"finish","requestId":"5da6a760-f302-4159-b76e-744d10d2b8e5","ts":1788200986348,"status":200}
{"type":"start","requestId":"477bbf69-297f-4b99-90c2-e30606a94783","ts":1788200986356,"method":"GET","path":"/","backend":"http://localhost:9002"}
{"type":"finish","requestId":"477bbf69-297f-4b99-90c2-e30606a94783","ts":1788200986357,"status":200}
{"type":"start","requestId":"e4f24c5d-edfa-48dd-8bbc-b3465f25b702","ts":1788200986367,"method":"GET","path":"/","backend":"http://localhost:9001"}
{"type":"finish","requestId":"e4f24c5d-edfa-48dd-8bbc-b3465f25b702","ts":1788200986368,"status":200}
{"type":"start","requestId":"fda18dd9-247e-45e7-8cff-ce6af86e6312","ts":1788200986379,"method":"GET","path":"/","backend":"http://localhost:9002"}
{"type":"finish","requestId":"fda18dd9-247e-45e7-8cff-ce6af86e6312","ts":1788200986379,"status":200}
{"type":"start","requestId":"dfbec40f-ae44-49c6-bf70-beb73f1232ae","ts":1788200986387,"method":"GET","path":"/","backend":"http://localhost:9001"}
{"type":"finish","requestId":"dfbec40f-ae44-49c6-bf70-beb73f1232ae","ts":1788200986388,"status":200}
{"type":"start","requestId":"06a9f6a1-2979-46f5-9240-f996f31e0cd3","ts":1788200986396,"method":"GET","path":"/","backend":"http://localhost:9002"}
{"type":"finish","requestId":"06a9f6a1-2979-46f5-9240-f996f31e0cd3","ts":1788200986397,"status":200}
{"type":"start","requestId":"24238877-4cef-4910-ae67-57592fd1a6ca","ts":1788200986405,"method":"GET","path":"/","backend":"http://localhost:9001"}
{"type":"finish","requestId":"24238877-4cef-4910-ae67-57592fd1a6ca","ts":1788200986407,"status":200}
{"type":"start","requestId":"31196ac9-0aea-4658-b480-5f6d8952ddc5","ts":1788200986416,"method":"GET","path":"/","backend":"http://localhost:9002"}
{"type":"finish","requestId":"31196ac9-0aea-4658-b480-5f6d8952ddc5","ts":1788200986417,"status":200}
{"type":"start","requestId":"dd5e6f65-d958-4e87-bbf7-fef80eb44fb1","ts":1788200986426,"method":"GET","path":"/","backend":"http://localhost:9001"}
{"type":"finish","requestId":"dd5e6f65-d958-4e87-bbf7-fef80eb44fb1","ts":1788200986427,"status":200}
{"type":"start","requestId":"a0d4d48a-2e32-456c-b7cf-a417b940251e","ts":1788200986434,"method":"GET","path":"/","backend":"http://localhost:9002"}
{"type":"finish","requestId":"a0d4d48a-2e32-456c-b7cf-a417b940251e","ts":1788200986435,"status":200}
{"type":"start","requestId":"34622e76-28f4-4158-9fc5-4ea122d31c96","ts":1788200986444,"method":"GET","path":"/","backend":"http://localhost:9001"}
{"type":"finish","requestId":"34622e76-28f4-4158-9fc5-4ea122d31c96","ts":1788200986444,"status":200}
{"type":"start","requestId":"c2f547f1-c4f0-4960-b392-655670880d6c","ts":1788200986452,"method":"GET","path":"/","backend":"http://localhost:9002"}
{"type":"finish","requestId":"c2f547f1-c4f0-4960-b392-655670880d6c","ts":1788200986453,"status":200}
{"type":"start","requestId":"fe242bba-bc45-41c9-8473-c9cf4fea0db6","ts":1788200986458,"method":"GET","path":"/","backend":"http://localhost:9001"}
{"type":"finish","requestId":"fe242bba-bc45-41c9-8473-c9cf4fea0db6","ts":1788200986459,"status":200}
{"type":"start","requestId":"b0a95991-4820-4b15-beff-102518c8f093","ts":1788200986467,"method":"GET","path":"/","backend":"http://localhost:9002"}
{"type":"finish","requestId":"b0a95991-4820-4b15-beff-102518c8f093","ts":1788200986468,"status":200}
{"type":"start","requestId":"7c71167f-f6e5-4b9e-a8ab-b1d403d45a64","ts":1788200986475,"method":"GET","path":"/","backend":"http://localhost:9001"}
{"type":"finish","requestId":"7c71167f-f6e5-4b9e-a8ab-b1d403d45a64","ts":1788200986476,"status":200}
{"type":"start","requestId":"0b825258-4c9f-47d3-91d7-b1d0c32d74f4","ts":1788200986484,"method":"GET","path":"/","backend":"http://localhost:9002"}
{"type":"finish","requestId":"0b825258-4c9f-47d3-91d7-b1d0c32d74f4","ts":1788200986485,"status":200}
{"type":"start","requestId":"d01eb072-7961-43f7-adde-dfe2917a9f4c","ts":1788200986490,"method":"GET","path":"/","backend":"http://localhost:9001"}
{"type":"finish","requestId":"d01eb072-7961-43f7-adde-dfe2917a9f4c","ts":1788200986491,"status":200}
{"type":"start","requestId":"13a9588f-4548-4c70-8894-a737cd8a40b8","ts":1788200986498,"method":"GET","path":"/","backend":"http://localhost:9002"}
{"type":"finish","requestId":"13a9588f-4548-4c70-8894-a737cd8a40b8","ts":1788200986499,"status":200}
{"type":"start","requestId":"5db99748-486b-46c6-be82-bb326383baf8","ts":1788200986506,"method":"GET","path":"/","backend":"http://localhost:9001"}
{"type":"finish","requestId":"5db99748-486b-46c6-be82-bb326383baf8","ts":1788200986508,"status":200}
{"type":"start","requestId":"7c04dbdc-ae78-4055-958a-6a974a3c16b5","ts":1788200986515,"method":"GET","path":"/","backend":"http://localhost:9002"}
{"type":"finish","requestId":"7c04dbdc-ae78-4055-958a-6a974a3c16b5","ts":1788200986516,"status":200}
{"type":"start","requestId":"4e868f54-ac00-4385-9b8d-454b5d5fe802","ts":1788200986523,"method":"GET","path":"/","backend":"http://localhost:9001"}
{"type":"finish","requestId":"4e868f54-ac00-4385-9b8d-454b5d5fe802","ts":1788200986525,"status":200}
{"type":"start","requestId":"d651b890-c42d-49a1-b565-55548cc2c530","ts":1788200986533,"method":"GET","path":"/","backend":"http://localhost:9002"}
{"type":"finish","requestId":"d651b890-c42d-49a1-b565-55548cc2c530","ts":1788200986533,"status":200}
{"type":"start","requestId":"eb8a343e-6291-4161-a29f-d750b115ad7c","ts":1788200986539,"method":"GET","path":"/","backend":"http://localhost:9001"}
{"type":"finish","requestId":"eb8a343e-6291-4161-a29f-d750b115ad7c","ts":1788200986540,"status":200}
{"type":"start","requestId":"55dbfc72-47d1-4ecc-9833-61d46bbfdb58","ts":1788200986548,"method":"GET","path":"/","backend":"http://localhost:9002"}
{"type":"finish","requestId":"55dbfc72-47d1-4ecc-9833-61d46bbfdb58","ts":1788200986549,"status":200}
{"type":"start","requestId":"93c2dceb-2353-4411-8f24-75a4da22bb63","ts":1788200986556,"method":"GET","path":"/","backend":"http://localhost:9001"}
{"type":"finish","requestId":"93c2dceb-2353-4411-8f24-75a4da22bb63","ts":1788200986558,"status":200}
{"type":"start","requestId":"c15b2f78-efbf-4f9d-ae56-29477cd6000b","ts":1788200986564,"method":"GET","path":"/","backend":"http://localhost:9002"}
{"type":"finish","requestId":"c15b2f78-efbf-4f9d-ae56-29477cd6000b","ts":1788200986565,"status":200}
{"type":"start","requestId":"5fcfdc1b-4769-44c7-9b37-97cae8c604d3","ts":1788200986572,"method":"GET","path":"/","backend":"http://localhost:9001"}
{"type":"finish","requestId":"5fcfdc1b-4769-44c7-9b37-97cae8c604d3","ts":1788200986573,"status":200}
{"type":"start","requestId":"35e04b84-f60d-4714-920a-4e444165f9e5","ts":1788200986580,"method":"GET","path":"/","backend":"http://localhost:9002"}
{"type":"finish","requestId":"35e04b84-f60d-4714-920a-4e444165f9e5","ts":1788200986581,"status":200}
{"type":"start","requestId":"4ba88562-dfa5-43e7-8397-b3a500a2aea4","ts":1788200986588,"method":"GET","path":"/","backend":"http://localhost:9001"}
{"type":"finish","requestId":"4ba88562-dfa5-43e7-8397-b3a500a2aea4","ts":1788200986590,"status":200}
{"type":"start","requestId":"5416aa13-228a-45ca-a7a3-fb2058b3bf27","ts":1788200986598,"method":"GET","path":"/","backend":"http://localhost:9002"}
{"type":"finish","requestId":"5416aa13-228a-45ca-a7a3-fb2058b3bf27","ts":1788200986599,"status":200}
{"type":"start","requestId":"85e015f2-9e45-4207-a811-023a01eee942","ts":1788200986605,"method":"GET","path":"/","backend":"http://localhost:9001"}
{"type":"finish","requestId":"85e015f2-9e45-4207-a811-023a01eee942","ts":1788200986606,"status":200}
{"type":"start","requestId":"83dd56fd-6941-4fce-ba0a-beac6b04c5c8","ts":1788200986615,"method":"GET","path":"/","backend":"http://localhost:9002"}
{"type":"finish","requestId":"83dd56fd-6941-4fce-ba0a-beac6b04c5c8","ts":1788200986616,"status":200}
{"type":"start","requestId":"d56d07cf-17ec-4e8a-89fa-d7463e10ea44","ts":1788200986622,"method":"GET","path":"/","backend":"http://localhost:9001"}
{"type":"finish","requestId":"d56d07cf-17ec-4e8a-89fa-d7463e10ea44","ts":1788200986624,"status":200}
{"type":"start","requestId":"a75f05db-bfd6-4c9b-b6d1-db13480b9ffd","ts":1788200986632,"method":"GET","path":"/","backend":"http://localhost:9002"}
{"type":"finish","requestId":"a75f05db-bfd6-4c9b-b6d1-db13480b9ffd","ts":1788200986633,"status":200}
{"type":"start","requestId":"aa879801-61d1-41be-b6b5-8f9b33841e48","ts":1788200986639,"method":"GET","path":"/","backend":"http://localhost:9001"}
{"type":"finish","requestId":"aa879801-61d1-41be-b6b5-8f9b33841e48","ts":1788200986641,"status":200}
{"type":"start","requestId":"d97de7b4-5287-4209-ad1a-721246a2904c","ts":1788200986649,"method":"GET","path":"/","backend":"http://localhost:9002"}
{"type":"finish","requestId":"d97de7b4-5287-4209-ad1a-721246a2904c","ts":1788200986650,"status":200}
{"type":"start","requestId":"01600ca8-088f-4aca-854f-4b2111532fd9","ts":1788200986656,"method":"GET","path":"/","backend":"http://localhost:9001"}
{"type":"finish","requestId":"01600ca8-088f-4aca-854f-4b2111532fd9","ts":1788200986657,"status":200}
{"type":"start","requestId":"018f8f32-fa01-44c8-8d6d-9afe8ae573d1","ts":1788200986664,"method":"GET","path":"/","backend":"http://localhost:9002"}
{"type":"finish","requestId":"018f8f32-fa01-44c8-8d6d-9afe8ae573d1","ts":1788200986666,"status":200}
{"type":"start","requestId":"58fdab19-38a2-44f7-80b3-896b2c3d7d9e","ts":1788200986672,"method":"GET","path":"/","backend":"http://localhost:9001"}
{"type":"finish","requestId":"58fdab19-38a2-44f7-80b3-896b2c3d7d9e","ts":1788200986673,"status":200}
{"type":"start","requestId":"77f00bf7-e474-437c-96e6-26e0fb964f25","ts":1788200986682,"method":"GET","path":"/","backend":"http://localhost:9002"}
{"type":"finish","requestId":"77f00bf7-e474-437c-96e6-26e0fb964f25","ts":1788200986683,"status":200}
{"type":"start","requestId":"5e3de85a-3ec6-40cb-bf68-5d22b3f2cb8e","ts":1788200986690,"method":"GET","path":"/","backend":"http://localhost:9001"}
{"type":"finish","requestId":"5e3de85a-3ec6-40cb-bf68-5d22b3f2cb8e","ts":1788200986692,"status":200}
{"type":"start","requestId":"012a3367-78d5-4d1f-9d34-89e99dabb827","ts":1788200986697,"method":"GET","path":"/","backend":"http://localhost:9002"}
{"type":"finish","requestId":"012a3367-78d5-4d1f-9d34-89e99dabb827","ts":1788200986699,"status":200}
{"type":"start","requestId":"0f1b22c4-2d9c-4d0a-8277-d39288ea57fa","ts":1788200986705,"method":"GET","path":"/","backend":"http://localhost:9001"}
{"type":"finish","requestId":"0f1b22c4-2d9c-4d0a-8277-d39288ea57fa","ts":1788200986705,"status":200}
{"type":"start","requestId":"dbb90c88-e9d6-48e3-bb36-4d8b9e255100","ts":1788200986712,"method":"GET","path":"/","backend":"http://localhost:9002"}
{"type":"finish","requestId":"dbb90c88-e9d6-48e3-bb36-4d8b9e255100","ts":1788200986714,"status":200}
{"type":"start","requestId":"07d4f7fe-2d85-4a66-a753-ba0c2e0d8a49","ts":1788200986722,"method":"GET","path":"/","backend":"http://localhost:9001"}
{"type":"finish","requestId":"07d4f7fe-2d85-4a66-a753-ba0c2e0d8a49","ts":1788200986723,"status":200}
{"type":"start","requestId":"37997f69-3227-4086-8b82-44fa0bd13cbd","ts":1788200986728,"method":"GET","path":"/","backend":"http://localhost:9002"}
{"type":"finish","requestId":"37997f69-3227-4086-8b82-44fa0bd13cbd","ts":1788200986729,"status":200}
{"type":"start","requestId":"7cdf8c18-adfa-4850-902f-b6b6edc0c352","ts":1788200986736,"method":"GET","path":"/","backend":"http://localhost:9001"}
{"type":"finish","requestId":"7cdf8c18-adfa-4850-902f-b6b6edc0c352","ts":1788200986737,"status":200}
{"type":"start","requestId":"74e95730-e642-44b5-836e-cc80d9b17ca2","ts":1788200986743,"method":"GET","path":"/","backend":"http://localhost:9002"}
{"type":"finish","requestId":"74e95730-e642-44b5-836e-cc80d9b17ca2","ts":1788200986743,"status":200}
{"type":"start","requestId":"9ad6740a-9031-49a1-848c-83c618b2aa74","ts":1788200986750,"method":"GET","path":"/","backend":"http://localhost:9001"}
{"type":"finish","requestId":"9ad6740a-9031-49a1-848c-83c618b2aa74","ts":1788200986751,"status":200}
{"type":"start","requestId":"a4efd283-dbea-49b2-82bb-48b454115ddd","ts":1788200986757,"method":"GET","path":"/","backend":"http://localhost:9002"}
{"type":"finish","requestId":"a4efd283-dbea-49b2-82bb-48b454115ddd","ts":1788200986758,"status":200}
{"type":"start","requestId":"2ab820f3-db7b-4ebb-b668-572a629c1995","ts":1788200986768,"method":"GET","path":"/","backend":"http://localhost:9001"}
{"type":"finish","requestId":"2ab820f3-db7b-4ebb-b668-572a629c1995","ts":1788200986769,"status":200}
{"type":"start","requestId":"1ed2876e-5d3d-41dd-8d3a-f5becbf14c5a","ts":1788200986774,"method":"GET","path":"/","backend":"http://localhost:9002"}
{"type":"finish","requestId":"1ed2876e-5d3d-41dd-8d3a-f5becbf14c5a","ts":1788200986775,"status":200}
{"type":"start","requestId":"86471e1b-eba3-4fb6-b0da-71881133470f","ts":1788200986781,"method":"GET","path":"/","backend":"http://localhost:9001"}
{"type":"finish","requestId":"86471e1b-eba3-4fb6-b0da-71881133470f","ts":1788200986783,"status":200}
{"type":"start","requestId":"736cd257-d03b-4e63-87b0-9a7f62a18670","ts":1788200986790,"method":"GET","path":"/","backend":"http://localhost:9002"}
{"type":"finish","requestId":"736cd257-d03b-4e63-87b0-9a7f62a18670","ts":1788200986792,"status":200}
{"type":"start","requestId":"57f973a2-91d0-416e-b323-fa8688a8ba40","ts":1788200986797,"method":"GET","path":"/","backend":"http://localhost:9001"}
{"type":"finish","requestId":"57f973a2-91d0-416e-b323-fa8688a8ba40","ts":1788200986798,"status":200}
{"type":"start","requestId":"5e76465e-c5dc-47c4-b924-589976abef8d","ts":1788200986806,"method":"GET","path":"/","backend":"http://localhost:9002"}
{"type":"finish","requestId":"5e76465e-c5dc-47c4-b924-589976abef8d","ts":1788200986806,"status":200}
{"type":"start","requestId":"e20c213f-57fe-4fb9-b7ed-ca7508204b7d","ts":1788200986813,"method":"GET","path":"/","backend":"http://localhost:9001"}
{"type":"finish","requestId":"e20c213f-57fe-4fb9-b7ed-ca7508204b7d","ts":1788200986813,"status":200}
{"type":"start","requestId":"7aae16d0-1718-422f-807f-20cfd8e87ebd","ts":1788200986820,"method":"GET","path":"/","backend":"http://localhost:9002"}
{"type":"finish","requestId":"7aae16d0-1718-422f-807f-20cfd8e87ebd","ts":1788200986820,"status":200}
{"type":"start","requestId":"d9076928-14f8-4141-a21e-5c18a88e946f","ts":1788200986827,"method":"GET","path":"/","backend":"http://localhost:9001"}
{"type":"finish","requestId":"d9076928-14f8-4141-a21e-5c18a88e946f","ts":1788200986827,"status":200}
{"type":"start","requestId":"0fba2865-9770-4d81-b9a9-a4788afe5c4e","ts":1788200986834,"method":"GET","path":"/","backend":"http://localhost:9002"}
{"type":"finish","requestId":"0fba2865-9770-4d81-b9a9-a4788afe5c4e","ts":1788200986835,"status":200}
{"type":"start","requestId":"a4ae07f3-ede9-461f-962a-2dfe8a83baf2","ts":1788200986841,"method":"GET","path":"/","backend":"http://localhost:9001"}
{"type":"finish","requestId":"a4ae07f3-ede9-461f-962a-2dfe8a83baf2","ts":1788200986842,"status":200}
{"type":"start","requestId":"26243889-abfa-43b0-abf0-83e3bb1065cf","ts":1788200986850,"method":"GET","path":"/","backend":"http://localhost:9002"}
{"type":"finish","requestId":"26243889-abfa-43b0-abf0-83e3bb1065cf","ts":1788200986851,"status":200}
{"type":"start","requestId":"8abb13a1-b2c7-411f-96e9-d382110b1228","ts":1788200986860,"method":"GET","path":"/","backend":"http://localhost:9001"}
{"type":"finish","requestId":"8abb13a1-b2c7-411f-96e9-d382110b1228","ts":1788200986860,"status":200}
{"type":"start","requestId":"42c412a4-9ff1-4ed7-8c33-57dece219205","ts":1788200986870,"method":"GET","path":"/","backend":"http://localhost:9002"}
{"type":"finish","requestId":"42c412a4-9ff1-4ed7-8c33-57dece219205","ts":1788200986870,"status":200}
{"type":"start","requestId":"a66c38f3-a8da-43f4-b281-9c3abc950c3e","ts":1788200986879,"method":"GET","path":"/","backend":"http://localhost:9001"}
{"type":"finish","requestId":"a66c38f3-a8da-43f4-b281-9c3abc950c3e","ts":1788200986880,"status":200}
{"type":"start","requestId":"8c862ac2-f0fe-45af-a03a-29fdc2053d5f","ts":1788200986889,"method":"GET","path":"/","backend":"http://localhost:9002"}
{"type":"finish","requestId":"8c862ac2-f0fe-45af-a03a-29fdc2053d5f","ts":1788200986889,"status":200}
{"type":"start","requestId":"ffb3bc24-d1f6-4dba-93cc-c67a5134ebc5","ts":1788200986898,"method":"GET","path":"/","backend":"http://localhost:9001"}
{"type":"finish","requestId":"ffb3bc24-d1f6-4dba-93cc-c67a5134ebc5","ts":1788200986899,"status":200}
{"type":"start","requestId":"f826db36-d5a1-45af-83a4-1c6d0b822eb1","ts":1788200986906,"method":"GET","path":"/","backend":"http://localhost:9002"}
{"type":"finish","requestId":"f826db36-d5a1-45af-83a4-1c6d0b822eb1","ts":1788200986908,"status":200}
{"type":"start","requestId":"886d7780-d908-4cfd-8bcd-854f6a1c8f05","ts":1788200986914,"method":"GET","path":"/","backend":"http://localhost:9001"}
{"type":"finish","requestId":"886d7780-d908-4cfd-8bcd-854f6a1c8f05","ts":1788200986916,"status":200}
{"type":"start","requestId":"715bfc28-1d78-45f6-b280-d12344376631","ts":1788200986924,"method":"GET","path":"/","backend":"http://localhost:9002"}
{"type":"finish","requestId":"715bfc28-1d78-45f6-b280-d12344376631","ts":1788200986924,"status":200}
{"type":"start","requestId":"86fa3675-6ce1-4c5a-91d6-09ccc8c5f856","ts":1788200986931,"method":"GET","path":"/","backend":"http://localhost:9001"}
{"type":"finish","requestId":"86fa3675-6ce1-4c5a-91d6-09ccc8c5f856","ts":1788200986933,"status":200}
{"type":"start","requestId":"a2fa2b9b-e000-45a3-adee-e03232b144d2","ts":1788200986940,"method":"GET","path":"/","backend":"http://localhost:9002"}
{"type":"finish","requestId":"a2fa2b9b-e000-45a3-adee-e03232b144d2","ts":1788200986942,"status":200}
{"type":"start","requestId":"2d8f99b9-b580-4c03-8d8b-85a87533448c","ts":1788200986948,"method":"GET","path":"/","backend":"http://localhost:9001"}
{"type":"finish","requestId":"2d8f99b9-b580-4c03-8d8b-85a87533448c","ts":1788200986950,"status":200}
{"type":"start","requestId":"508994c7-d2b7-4efe-b722-86bc46eb3abe","ts":1788200986960,"method":"GET","path":"/","backend":"http://localhost:9002"}
{"type":"finish","requestId":"508994c7-d2b7-4efe-b722-86bc46eb3abe","ts":1788200986961,"status":200}
{"type":"start","requestId":"5069c4e8-c22a-43e4-be45-55828ff6d45e","ts":1788200986969,"method":"GET","path":"/","backend":"http://localhost:9001"}
{"type":"finish","requestId":"5069c4e8-c22a-43e4-be45-55828ff6d45e","ts":1788200986970,"status":200}
{"type":"start","requestId":"044ff78c-a1fb-48b8-8d09-b4864e0afd82","ts":1788200987318,"method":"GET","path":"/","backend":"http://localhost:9002"}
{"type":"finish","requestId":"044ff78c-a1fb-48b8-8d09-b4864e0afd82","ts":1788200987319,"status":200}
